{
  "timestamp": "2026-03-16T11:44:23.665452",
  "stats": {
    "autonomous_run": {
      "count": 1,
      "avg": 9.088669600023422,
      "min": 9.088669600023422,
      "max": 9.088669600023422,
      "p95": 9.088669600023422,
      "error_rate": 0.0
    },
    "run_tool": {
      "count": 3,
      "avg": 0.04976093334456285,
      "min": 0.03603680001106113,
      "max": 0.07554039999376982,
      "p95": 0.07554039999376982,
      "error_rate": 0.0
    },
    "revenue_by_customer": {
      "count": 1,
      "avg": 0.019285299989860505,
      "min": 0.019285299989860505,
      "max": 0.019285299989860505,
      "p95": 0.019285299989860505,
      "error_rate": 0.0
    },
    "revenue_by_product": {
      "count": 1,
      "avg": 0.019371200003661215,
      "min": 0.019371200003661215,
      "max": 0.019371200003661215,
      "p95": 0.019371200003661215,
      "error_rate": 0.0
    },
    "monthly_revenue_by_customer": {
      "count": 1,
      "avg": 0.05845070001669228,
      "min": 0.05845070001669228,
      "max": 0.05845070001669228,
      "p95": 0.05845070001669228,
      "error_rate": 0.0
    },
    "cached_run": {
      "count": 3,
      "avg": 0.06739860000864913,
      "min": 0.05349960003513843,
      "max": 0.09317609999561682,
      "p95": 0.09317609999561682,
      "error_rate": 0.0
    },
    "generate_insights": {
      "count": 2,
      "avg": 4.940485700004501,
      "min": 4.254628700029571,
      "max": 5.626342699979432,
      "p95": 5.626342699979432,
      "error_rate": 0.0
    }
  },
  "metrics": {
    "revenue_by_customer": [
      0.019285299989860505
    ],
    "run_tool": [
      0.03603680001106113,
      0.07554039999376982,
      0.03770560002885759
    ],
    "cached_run": [
      0.05349960003513843,
      0.09317609999561682,
      0.05552009999519214
    ],
    "monthly_revenue_by_customer": [
      0.05845070001669228
    ],
    "generate_insights": [
      5.626342699979432,
      4.254628700029571
    ],
    "autonomous_run": [
      9.088669600023422
    ],
    "revenue_by_product": [
      0.019371200003661215
    ]
  },
  "error_counts": {}
}