{
  "timestamp": "2026-03-27T15:42:01.488656",
  "stats": {
    "forecast_with_confidence": {
      "count": 0,
      "avg": 0.0,
      "min": 0.0,
      "max": 0.0,
      "p95": 0.0,
      "error_rate": 1.0
    },
    "detect_revenue_spikes": {
      "count": 2,
      "avg": 0.05858214199906797,
      "min": 0.056843372000003,
      "max": 0.06032091199813294,
      "p95": 0.06032091199813294,
      "error_rate": 0.0
    },
    "monthly_revenue": {
      "count": 2,
      "avg": 0.07108056549986941,
      "min": 0.0663567689989577,
      "max": 0.07580436200078111,
      "p95": 0.07580436200078111,
      "error_rate": 0.0
    },
    "autonomous_run": {
      "count": 1,
      "avg": 11.374459932998434,
      "min": 11.374459932998434,
      "max": 11.374459932998434,
      "p95": 11.374459932998434,
      "error_rate": 0.0
    },
    "generate_insights": {
      "count": 2,
      "avg": 8.954041119500289,
      "min": 8.680933998002729,
      "max": 9.227148240997849,
      "p95": 9.227148240997849,
      "error_rate": 0.0
    },
    "forecast_revenue_with_explanation": {
      "count": 2,
      "avg": 0.1735528124991106,
      "min": 0.1723650460007775,
      "max": 0.17474057899744366,
      "p95": 0.17474057899744366,
      "error_rate": 0.0
    }
  },
  "metrics": {
    "monthly_revenue": [
      0.07580436200078111,
      0.0663567689989577
    ],
    "forecast_revenue_with_explanation": [
      0.1723650460007775,
      0.17474057899744366
    ],
    "detect_revenue_spikes": [
      0.056843372000003,
      0.06032091199813294
    ],
    "generate_insights": [
      9.227148240997849,
      8.680933998002729
    ],
    "autonomous_run": [
      11.374459932998434
    ]
  },
  "error_counts": {
    "forecast_with_confidence": 2
  }
}