{
  "timestamp": "2026-03-27T18:46:40.250583",
  "stats": {
    "detect_revenue_spikes": {
      "count": 3,
      "avg": 0.14558182033336683,
      "min": 0.12266842600001837,
      "max": 0.19114081199950306,
      "p95": 0.19114081199950306,
      "error_rate": 0.0
    },
    "autonomous_run": {
      "count": 1,
      "avg": 16.66368749100002,
      "min": 16.66368749100002,
      "max": 16.66368749100002,
      "p95": 16.66368749100002,
      "error_rate": 0.0
    },
    "forecast_revenue_by_product": {
      "count": 2,
      "avg": 0.10405136450026475,
      "min": 0.10192636900319485,
      "max": 0.10617635999733466,
      "p95": 0.10617635999733466,
      "error_rate": 0.0
    },
    "compute_kpis": {
      "count": 1,
      "avg": 0.09262581799703185,
      "min": 0.09262581799703185,
      "max": 0.09262581799703185,
      "p95": 0.09262581799703185,
      "error_rate": 0.0
    },
    "cached_run": {
      "count": 6,
      "avg": 0.31994073950045276,
      "min": 0.27534284200010006,
      "max": 0.37286682600097265,
      "p95": 0.37286682600097265,
      "error_rate": 0.0
    },
    "revenue_by_product": {
      "count": 3,
      "avg": 0.09678862366611914,
      "min": 0.08978291400126182,
      "max": 0.10207027599972207,
      "p95": 0.10207027599972207,
      "error_rate": 0.0
    },
    "monthly_revenue_by_product": {
      "count": 2,
      "avg": 0.10132297850032046,
      "min": 0.09830042500107083,
      "max": 0.10434553199957008,
      "p95": 0.10434553199957008,
      "error_rate": 0.0
    },
    "forecast_with_confidence": {
      "count": 0,
      "avg": 0.0,
      "min": 0.0,
      "max": 0.0,
      "p95": 0.0,
      "error_rate": 1.0
    },
    "monthly_revenue": {
      "count": 6,
      "avg": 0.09687177483344082,
      "min": 0.09180913999807672,
      "max": 0.1024303369995323,
      "p95": 0.1024303369995323,
      "error_rate": 0.0
    },
    "monthly_revenue_by_product_full": {
      "count": 2,
      "avg": 0.006245594000574783,
      "min": 0.006165247999888379,
      "max": 0.006325940001261188,
      "p95": 0.006325940001261188,
      "error_rate": 0.0
    },
    "generate_insights": {
      "count": 2,
      "avg": 10.063197142999343,
      "min": 9.617883427999914,
      "max": 10.508510857998772,
      "p95": 10.508510857998772,
      "error_rate": 0.0
    },
    "revenue_by_customer": {
      "count": 1,
      "avg": 0.1004900740008452,
      "min": 0.1004900740008452,
      "max": 0.1004900740008452,
      "p95": 0.1004900740008452,
      "error_rate": 0.0
    },
    "run_tool": {
      "count": 6,
      "avg": 0.2203729741662149,
      "min": 0.1833845069995732,
      "max": 0.2764673159981612,
      "p95": 0.2764673159981612,
      "error_rate": 0.0
    },
    "forecast_revenue_with_explanation": {
      "count": 2,
      "avg": 0.09523416599949996,
      "min": 0.09410465499968268,
      "max": 0.09636367699931725,
      "p95": 0.09636367699931725,
      "error_rate": 0.0
    },
    "monthly_growth": {
      "count": 2,
      "avg": 0.1843762955013517,
      "min": 0.17551463400013745,
      "max": 0.19323795700256596,
      "p95": 0.19323795700256596,
      "error_rate": 0.0
    }
  },
  "metrics": {
    "compute_kpis": [
      0.09262581799703185
    ],
    "revenue_by_customer": [
      0.1004900740008452
    ],
    "revenue_by_product": [
      0.09851268099737354,
      0.10207027599972207,
      0.08978291400126182
    ],
    "monthly_revenue": [
      0.09941158900255687,
      0.1024303369995323,
      0.09180913999807672,
      0.10023899199950392,
      0.09531222700024955,
      0.09202836400072556
    ],
    "detect_revenue_spikes": [
      0.19114081199950306,
      0.12293622300057905,
      0.12266842600001837
    ],
    "monthly_revenue_by_product_full": [
      0.006325940001261188,
      0.006165247999888379
    ],
    "forecast_revenue_by_product": [
      0.10192636900319485,
      0.10617635999733466
    ],
    "forecast_revenue_with_explanation": [
      0.09410465499968268,
      0.09636367699931725
    ],
    "monthly_revenue_by_product": [
      0.10434553199957008,
      0.09830042500107083
    ],
    "run_tool": [
      0.1833845069995732,
      0.2764673159981612,
      0.19076134900024044,
      0.20604668699888862,
      0.2689427559998876,
      0.19663523000053829
    ],
    "cached_run": [
      0.27534284200010006,
      0.37286682600097265,
      0.30067863300064346,
      0.2952097310007957,
      0.3620684950001305,
      0.3134779100000742
    ],
    "monthly_growth": [
      0.19323795700256596,
      0.17551463400013745
    ],
    "generate_insights": [
      10.508510857998772,
      9.617883427999914
    ],
    "autonomous_run": [
      16.66368749100002
    ]
  },
  "error_counts": {
    "forecast_with_confidence": 1
  }
}