{
  "timestamp": "2026-03-16T08:43:29.418744",
  "stats": {
    "autonomous_run": {
      "count": 2,
      "avg": 4.45950124997762,
      "min": 4.355062099988572,
      "max": 4.563940399966668,
      "p95": 4.563940399966668,
      "error_rate": 0.0
    },
    "generate_insights": {
      "count": 3,
      "avg": 3.4369391333311796,
      "min": 3.0142104999977164,
      "max": 3.9128617999958806,
      "p95": 3.9128617999958806,
      "error_rate": 0.0
    },
    "cached_run": {
      "count": 1,
      "avg": 0.040672199975233525,
      "min": 0.040672199975233525,
      "max": 0.040672199975233525,
      "p95": 0.040672199975233525,
      "error_rate": 0.0
    },
    "revenue_by_product": {
      "count": 1,
      "avg": 0.02308660000562668,
      "min": 0.02308660000562668,
      "max": 0.02308660000562668,
      "p95": 0.02308660000562668,
      "error_rate": 0.0
    },
    "run_tool": {
      "count": 1,
      "avg": 0.03244710003491491,
      "min": 0.03244710003491491,
      "max": 0.03244710003491491,
      "p95": 0.03244710003491491,
      "error_rate": 0.0
    }
  },
  "metrics": {
    "generate_insights": [
      3.0142104999977164,
      3.383745099999942,
      3.9128617999958806
    ],
    "autonomous_run": [
      4.563940399966668,
      4.355062099988572
    ],
    "revenue_by_product": [
      0.02308660000562668
    ],
    "run_tool": [
      0.03244710003491491
    ],
    "cached_run": [
      0.040672199975233525
    ]
  },
  "error_counts": {}
}