{
  "timestamp": "2026-03-16T08:42:32.572039",
  "stats": {
    "generate_insights": {
      "count": 2,
      "avg": 3.198977799998829,
      "min": 3.0142104999977164,
      "max": 3.383745099999942,
      "p95": 3.383745099999942,
      "error_rate": 0.0
    },
    "autonomous_run": {
      "count": 1,
      "avg": 4.563940399966668,
      "min": 4.563940399966668,
      "max": 4.563940399966668,
      "p95": 4.563940399966668,
      "error_rate": 0.0
    }
  },
  "metrics": {
    "generate_insights": [
      3.0142104999977164,
      3.383745099999942
    ],
    "autonomous_run": [
      4.563940399966668
    ]
  },
  "error_counts": {}
}