{
  "timestamp": "2026-03-16T08:46:37.111400",
  "stats": {
    "generate_insights": {
      "count": 1,
      "avg": 2.1604371999856085,
      "min": 2.1604371999856085,
      "max": 2.1604371999856085,
      "p95": 2.1604371999856085,
      "error_rate": 0.0
    }
  },
  "metrics": {
    "generate_insights": [
      2.1604371999856085
    ]
  },
  "error_counts": {}
}