{
  "timestamp": "2026-03-27T14:26:48.938446",
  "stats": {
    "run_tool": {
      "count": 5,
      "avg": 0.050048079993575814,
      "min": 0.0369010001886636,
      "max": 0.07865659985691309,
      "p95": 0.07865659985691309,
      "error_rate": 0.0
    },
    "generate_insights": {
      "count": 1,
      "avg": 9.690569400088862,
      "min": 9.690569400088862,
      "max": 9.690569400088862,
      "p95": 9.690569400088862,
      "error_rate": 0.0
    },
    "monthly_revenue": {
      "count": 1,
      "avg": 0.04164609988220036,
      "min": 0.04164609988220036,
      "max": 0.04164609988220036,
      "p95": 0.04164609988220036,
      "error_rate": 0.0
    },
    "monthly_revenue_by_customer": {
      "count": 1,
      "avg": 0.03797940001823008,
      "min": 0.03797940001823008,
      "max": 0.03797940001823008,
      "p95": 0.03797940001823008,
      "error_rate": 0.0
    },
    "monthly_profit": {
      "count": 1,
      "avg": 0.020848100073635578,
      "min": 0.020848100073635578,
      "max": 0.020848100073635578,
      "p95": 0.020848100073635578,
      "error_rate": 0.0
    },
    "monthly_growth": {
      "count": 1,
      "avg": 0.05995259992778301,
      "min": 0.05995259992778301,
      "max": 0.05995259992778301,
      "p95": 0.05995259992778301,
      "error_rate": 0.0
    },
    "compute_kpis": {
      "count": 1,
      "avg": 0.01698080007918179,
      "min": 0.01698080007918179,
      "max": 0.01698080007918179,
      "p95": 0.01698080007918179,
      "error_rate": 0.0
    },
    "monthly_revenue_by_product": {
      "count": 1,
      "avg": 0.023791100131347775,
      "min": 0.023791100131347775,
      "max": 0.023791100131347775,
      "p95": 0.023791100131347775,
      "error_rate": 0.0
    },
    "cached_run": {
      "count": 5,
      "avg": 0.06810779999941588,
      "min": 0.05305189988575876,
      "max": 0.09731029998511076,
      "p95": 0.09731029998511076,
      "error_rate": 0.0
    }
  },
  "metrics": {
    "compute_kpis": [
      0.01698080007918179
    ],
    "run_tool": [
      0.0369010001886636,
      0.07865659985691309,
      0.03805479989387095,
      0.0557931000366807,
      0.04083489999175072
    ],
    "cached_run": [
      0.05305189988575876,
      0.09731029998511076,
      0.0557461001444608,
      0.07479540002532303,
      0.059635299956426024
    ],
    "monthly_revenue": [
      0.04164609988220036
    ],
    "monthly_growth": [
      0.05995259992778301
    ],
    "monthly_profit": [
      0.020848100073635578
    ],
    "monthly_revenue_by_customer": [
      0.03797940001823008
    ],
    "monthly_revenue_by_product": [
      0.023791100131347775
    ],
    "generate_insights": [
      9.690569400088862
    ]
  },
  "error_counts": {}
}