{
  "timestamp": "2026-03-27T16:07:36.169423",
  "stats": {
    "monthly_revenue": {
      "count": 5,
      "avg": 0.06988728139986052,
      "min": 0.04890952500136336,
      "max": 0.09243439399870113,
      "p95": 0.09243439399870113,
      "error_rate": 0.0
    },
    "revenue_by_product": {
      "count": 2,
      "avg": 0.0743498145002377,
      "min": 0.06585507199997664,
      "max": 0.08284455700049875,
      "p95": 0.08284455700049875,
      "error_rate": 0.0
    },
    "forecast_revenue_with_explanation": {
      "count": 1,
      "avg": 0.16361100599897327,
      "min": 0.16361100599897327,
      "max": 0.16361100599897327,
      "p95": 0.16361100599897327,
      "error_rate": 0.0
    },
    "revenue_by_customer": {
      "count": 2,
      "avg": 0.07183468299808737,
      "min": 0.06700576699950034,
      "max": 0.07666359899667441,
      "p95": 0.07666359899667441,
      "error_rate": 0.0
    },
    "detect_revenue_spikes": {
      "count": 3,
      "avg": 0.12040943466611982,
      "min": 0.07253245299943956,
      "max": 0.17109325199999148,
      "p95": 0.17109325199999148,
      "error_rate": 0.0
    },
    "generate_insights": {
      "count": 1,
      "avg": 7.227683327000705,
      "min": 7.227683327000705,
      "max": 7.227683327000705,
      "p95": 7.227683327000705,
      "error_rate": 0.0
    },
    "compute_kpis": {
      "count": 2,
      "avg": 0.0689790760006872,
      "min": 0.06694984700152418,
      "max": 0.07100830499985022,
      "p95": 0.07100830499985022,
      "error_rate": 0.0
    }
  },
  "metrics": {
    "compute_kpis": [
      0.07100830499985022,
      0.06694984700152418
    ],
    "revenue_by_customer": [
      0.07666359899667441,
      0.06700576699950034
    ],
    "revenue_by_product": [
      0.06585507199997664,
      0.08284455700049875
    ],
    "monthly_revenue": [
      0.09243439399870113,
      0.05262506500002928,
      0.06718223699863302,
      0.08828518600057578,
      0.04890952500136336
    ],
    "detect_revenue_spikes": [
      0.11760259899892844,
      0.17109325199999148,
      0.07253245299943956
    ],
    "forecast_revenue_with_explanation": [
      0.16361100599897327
    ],
    "generate_insights": [
      7.227683327000705
    ]
  },
  "error_counts": {}
}