{
  "timestamp": "2026-03-16T08:47:41.527985",
  "stats": {
    "generate_insights": {
      "count": 2,
      "avg": 3.8395955500018317,
      "min": 2.1604371999856085,
      "max": 5.518753900018055,
      "p95": 5.518753900018055,
      "error_rate": 0.0
    },
    "autonomous_run": {
      "count": 1,
      "avg": 3.1475176000385545,
      "min": 3.1475176000385545,
      "max": 3.1475176000385545,
      "p95": 3.1475176000385545,
      "error_rate": 0.0
    },
    "revenue_by_product": {
      "count": 1,
      "avg": 0.020614400040358305,
      "min": 0.020614400040358305,
      "max": 0.020614400040358305,
      "p95": 0.020614400040358305,
      "error_rate": 0.0
    },
    "run_tool": {
      "count": 1,
      "avg": 0.030367299972567707,
      "min": 0.030367299972567707,
      "max": 0.030367299972567707,
      "p95": 0.030367299972567707,
      "error_rate": 0.0
    },
    "cached_run": {
      "count": 1,
      "avg": 0.04083870002068579,
      "min": 0.04083870002068579,
      "max": 0.04083870002068579,
      "p95": 0.04083870002068579,
      "error_rate": 0.0
    }
  },
  "metrics": {
    "generate_insights": [
      2.1604371999856085,
      5.518753900018055
    ],
    "autonomous_run": [
      3.1475176000385545
    ],
    "revenue_by_product": [
      0.020614400040358305
    ],
    "run_tool": [
      0.030367299972567707
    ],
    "cached_run": [
      0.04083870002068579
    ]
  },
  "error_counts": {}
}