{
  "timestamp": "2026-03-16T11:52:33.563567",
  "stats": {
    "run_tool": {
      "count": 3,
      "avg": 0.051156499985760696,
      "min": 0.03869809996103868,
      "max": 0.07414699997752905,
      "p95": 0.07414699997752905,
      "error_rate": 0.0
    },
    "revenue_by_customer": {
      "count": 1,
      "avg": 0.019978599972091615,
      "min": 0.019978599972091615,
      "max": 0.019978599972091615,
      "p95": 0.019978599972091615,
      "error_rate": 0.0
    },
    "generate_insights": {
      "count": 2,
      "avg": 5.556777049991069,
      "min": 5.423229400010314,
      "max": 5.690324699971825,
      "p95": 5.690324699971825,
      "error_rate": 0.0
    },
    "monthly_revenue_by_customer": {
      "count": 1,
      "avg": 0.05678980000084266,
      "min": 0.05678980000084266,
      "max": 0.05678980000084266,
      "p95": 0.05678980000084266,
      "error_rate": 0.0
    },
    "revenue_by_product": {
      "count": 1,
      "avg": 0.0209366999915801,
      "min": 0.0209366999915801,
      "max": 0.0209366999915801,
      "p95": 0.0209366999915801,
      "error_rate": 0.0
    },
    "autonomous_run": {
      "count": 1,
      "avg": 8.956241499981843,
      "min": 8.956241499981843,
      "max": 8.956241499981843,
      "p95": 8.956241499981843,
      "error_rate": 0.0
    },
    "cached_run": {
      "count": 3,
      "avg": 0.06842650001635775,
      "min": 0.054480899998452514,
      "max": 0.09481300000334159,
      "p95": 0.09481300000334159,
      "error_rate": 0.0
    }
  },
  "metrics": {
    "revenue_by_customer": [
      0.019978599972091615
    ],
    "run_tool": [
      0.03869809996103868,
      0.07414699997752905,
      0.04062440001871437
    ],
    "cached_run": [
      0.05598560004727915,
      0.09481300000334159,
      0.054480899998452514
    ],
    "monthly_revenue_by_customer": [
      0.05678980000084266
    ],
    "generate_insights": [
      5.690324699971825,
      5.423229400010314
    ],
    "autonomous_run": [
      8.956241499981843
    ],
    "revenue_by_product": [
      0.0209366999915801
    ]
  },
  "error_counts": {}
}