{
  "timestamp": "2026-03-22T15:29:09.885332",
  "stats": {
    "detect_revenue_spikes": {
      "count": 2,
      "avg": 0.05711412050004583,
      "min": 0.05065165199994226,
      "max": 0.0635765890001494,
      "p95": 0.0635765890001494,
      "error_rate": 0.0
    },
    "run_tool": {
      "count": 3,
      "avg": 0.062428468000386296,
      "min": 0.057601833001172054,
      "max": 0.06791395899927011,
      "p95": 0.06791395899927011,
      "error_rate": 0.0
    },
    "monthly_revenue": {
      "count": 4,
      "avg": 0.03441288124986386,
      "min": 0.026451252999322605,
      "max": 0.046424681999269524,
      "p95": 0.046424681999269524,
      "error_rate": 0.0
    },
    "compute_kpis": {
      "count": 2,
      "avg": 0.030684414499773993,
      "min": 0.02999902299961832,
      "max": 0.03136980599992967,
      "p95": 0.03136980599992967,
      "error_rate": 0.0
    },
    "revenue_by_customer": {
      "count": 2,
      "avg": 0.035457880999274494,
      "min": 0.033670713999526924,
      "max": 0.03724504799902206,
      "p95": 0.03724504799902206,
      "error_rate": 0.0
    },
    "autonomous_run": {
      "count": 1,
      "avg": 7.9992909469983715,
      "min": 7.9992909469983715,
      "max": 7.9992909469983715,
      "p95": 7.9992909469983715,
      "error_rate": 0.0
    },
    "monthly_revenue_by_product": {
      "count": 1,
      "avg": 0.041867269999784185,
      "min": 0.041867269999784185,
      "max": 0.041867269999784185,
      "p95": 0.041867269999784185,
      "error_rate": 0.0
    },
    "cached_run": {
      "count": 3,
      "avg": 0.08951144333392828,
      "min": 0.0838595550012542,
      "max": 0.09371629400084203,
      "p95": 0.09371629400084203,
      "error_rate": 0.0
    },
    "revenue_by_product": {
      "count": 4,
      "avg": 0.028913498999827425,
      "min": 0.01969381199887721,
      "max": 0.0353665729999193,
      "p95": 0.0353665729999193,
      "error_rate": 0.0
    },
    "generate_insights": {
      "count": 2,
      "avg": 4.8310966495000685,
      "min": 4.33338958999957,
      "max": 5.328803709000567,
      "p95": 5.328803709000567,
      "error_rate": 0.0
    }
  },
  "metrics": {
    "compute_kpis": [
      0.02999902299961832,
      0.03136980599992967
    ],
    "revenue_by_customer": [
      0.033670713999526924,
      0.03724504799902206
    ],
    "revenue_by_product": [
      0.01969381199887721,
      0.0353665729999193,
      0.028968627999347518,
      0.031624983001165674
    ],
    "monthly_revenue": [
      0.046424681999269524,
      0.026451252999322605,
      0.03139056200052437,
      0.033385028000338934
    ],
    "detect_revenue_spikes": [
      0.05065165199994226,
      0.0635765890001494
    ],
    "run_tool": [
      0.061769612000716734,
      0.06791395899927011,
      0.057601833001172054
    ],
    "cached_run": [
      0.09371629400084203,
      0.09095848099968862,
      0.0838595550012542
    ],
    "monthly_revenue_by_product": [
      0.041867269999784185
    ],
    "generate_insights": [
      5.328803709000567,
      4.33338958999957
    ],
    "autonomous_run": [
      7.9992909469983715
    ]
  },
  "error_counts": {}
}