{
  "timestamp": "2026-03-21T17:41:06.115046",
  "stats": {
    "cached_run": {
      "count": 2,
      "avg": 0.2568270499468781,
      "min": 0.25249039998743683,
      "max": 0.2611636999063194,
      "p95": 0.2611636999063194,
      "error_rate": 0.0
    },
    "monthly_revenue": {
      "count": 2,
      "avg": 0.022023099998477846,
      "min": 0.021269200020469725,
      "max": 0.022776999976485968,
      "p95": 0.022776999976485968,
      "error_rate": 0.0
    },
    "generate_insights": {
      "count": 1,
      "avg": 6.093005000031553,
      "min": 6.093005000031553,
      "max": 6.093005000031553,
      "p95": 6.093005000031553,
      "error_rate": 0.0
    },
    "forecast_revenue_with_explanation": {
      "count": 1,
      "avg": 0.22465870005544275,
      "min": 0.22465870005544275,
      "max": 0.22465870005544275,
      "p95": 0.22465870005544275,
      "error_rate": 0.0
    },
    "run_tool": {
      "count": 2,
      "avg": 0.24206070002401248,
      "min": 0.23924090003129095,
      "max": 0.244880500016734,
      "p95": 0.244880500016734,
      "error_rate": 0.0
    },
    "forecast_with_confidence": {
      "count": 1,
      "avg": 0.23345970001537353,
      "min": 0.23345970001537353,
      "max": 0.23345970001537353,
      "p95": 0.23345970001537353,
      "error_rate": 0.0
    }
  },
  "metrics": {
    "monthly_revenue": [
      0.022776999976485968,
      0.021269200020469725
    ],
    "forecast_revenue_with_explanation": [
      0.22465870005544275
    ],
    "run_tool": [
      0.23924090003129095,
      0.244880500016734
    ],
    "cached_run": [
      0.25249039998743683,
      0.2611636999063194
    ],
    "forecast_with_confidence": [
      0.23345970001537353
    ],
    "generate_insights": [
      6.093005000031553
    ]
  },
  "error_counts": {}
}