{
  "timestamp": "2026-03-27T15:32:11.666398",
  "stats": {
    "forecast_with_confidence": {
      "count": 0,
      "avg": 0.0,
      "min": 0.0,
      "max": 0.0,
      "p95": 0.0,
      "error_rate": 1.0
    },
    "generate_insights": {
      "count": 1,
      "avg": 6.191397755001162,
      "min": 6.191397755001162,
      "max": 6.191397755001162,
      "p95": 6.191397755001162,
      "error_rate": 0.0
    },
    "forecast_revenue_with_explanation": {
      "count": 1,
      "avg": 0.22021300899905327,
      "min": 0.22021300899905327,
      "max": 0.22021300899905327,
      "p95": 0.22021300899905327,
      "error_rate": 0.0
    },
    "detect_revenue_spikes": {
      "count": 1,
      "avg": 0.062321202000021,
      "min": 0.062321202000021,
      "max": 0.062321202000021,
      "p95": 0.062321202000021,
      "error_rate": 0.0
    },
    "monthly_revenue": {
      "count": 1,
      "avg": 0.09423113899902091,
      "min": 0.09423113899902091,
      "max": 0.09423113899902091,
      "p95": 0.09423113899902091,
      "error_rate": 0.0
    }
  },
  "metrics": {
    "monthly_revenue": [
      0.09423113899902091
    ],
    "forecast_revenue_with_explanation": [
      0.22021300899905327
    ],
    "detect_revenue_spikes": [
      0.062321202000021
    ],
    "generate_insights": [
      6.191397755001162
    ]
  },
  "error_counts": {
    "forecast_with_confidence": 1
  }
}