{
  "timestamp": "2026-03-27T18:19:17.072358",
  "stats": {
    "monthly_revenue_by_product": {
      "count": 1,
      "avg": 0.08803149799859966,
      "min": 0.08803149799859966,
      "max": 0.08803149799859966,
      "p95": 0.08803149799859966,
      "error_rate": 0.0
    },
    "autonomous_run": {
      "count": 1,
      "avg": 10.87088844399841,
      "min": 10.87088844399841,
      "max": 10.87088844399841,
      "p95": 10.87088844399841,
      "error_rate": 0.0
    },
    "monthly_revenue": {
      "count": 3,
      "avg": 0.09669694299979407,
      "min": 0.09006518199748825,
      "max": 0.10766134900040925,
      "p95": 0.10766134900040925,
      "error_rate": 0.0
    },
    "monthly_revenue_by_product_full": {
      "count": 1,
      "avg": 0.00747182899795007,
      "min": 0.00747182899795007,
      "max": 0.00747182899795007,
      "p95": 0.00747182899795007,
      "error_rate": 0.0
    },
    "detect_revenue_spikes": {
      "count": 3,
      "avg": 0.11876216199986327,
      "min": 0.05966143600016949,
      "max": 0.1880404779985838,
      "p95": 0.1880404779985838,
      "error_rate": 0.0
    },
    "forecast_with_confidence": {
      "count": 0,
      "avg": 0.0,
      "min": 0.0,
      "max": 0.0,
      "p95": 0.0,
      "error_rate": 1.0
    },
    "forecast_revenue_with_explanation": {
      "count": 1,
      "avg": 0.11134668399972725,
      "min": 0.11134668399972725,
      "max": 0.11134668399972725,
      "p95": 0.11134668399972725,
      "error_rate": 0.0
    },
    "run_tool": {
      "count": 2,
      "avg": 0.18087902250044863,
      "min": 0.1704776660008065,
      "max": 0.19128037900009076,
      "p95": 0.19128037900009076,
      "error_rate": 0.0
    },
    "revenue_by_product": {
      "count": 2,
      "avg": 0.08486568749867729,
      "min": 0.07869585899970843,
      "max": 0.09103551599764614,
      "p95": 0.09103551599764614,
      "error_rate": 0.0
    },
    "generate_insights": {
      "count": 2,
      "avg": 9.118755577999764,
      "min": 6.623316565997811,
      "max": 11.614194590001716,
      "p95": 11.614194590001716,
      "error_rate": 0.0
    },
    "cached_run": {
      "count": 2,
      "avg": 0.27507526949921157,
      "min": 0.2688244150012906,
      "max": 0.2813261239971325,
      "p95": 0.2813261239971325,
      "error_rate": 0.0
    },
    "forecast_revenue_by_product": {
      "count": 1,
      "avg": 0.09587513799851877,
      "min": 0.09587513799851877,
      "max": 0.09587513799851877,
      "p95": 0.09587513799851877,
      "error_rate": 0.0
    },
    "compute_kpis": {
      "count": 1,
      "avg": 0.09406423899781657,
      "min": 0.09406423899781657,
      "max": 0.09406423899781657,
      "p95": 0.09406423899781657,
      "error_rate": 0.0
    },
    "revenue_by_customer": {
      "count": 1,
      "avg": 0.07945519099666853,
      "min": 0.07945519099666853,
      "max": 0.07945519099666853,
      "p95": 0.07945519099666853,
      "error_rate": 0.0
    }
  },
  "metrics": {
    "compute_kpis": [
      0.09406423899781657
    ],
    "revenue_by_customer": [
      0.07945519099666853
    ],
    "revenue_by_product": [
      0.07869585899970843,
      0.09103551599764614
    ],
    "monthly_revenue": [
      0.09006518199748825,
      0.09236429800148471,
      0.10766134900040925
    ],
    "detect_revenue_spikes": [
      0.1880404779985838,
      0.10858457200083649,
      0.05966143600016949
    ],
    "monthly_revenue_by_product_full": [
      0.00747182899795007
    ],
    "forecast_revenue_by_product": [
      0.09587513799851877
    ],
    "forecast_revenue_with_explanation": [
      0.11134668399972725
    ],
    "generate_insights": [
      6.623316565997811,
      11.614194590001716
    ],
    "autonomous_run": [
      10.87088844399841
    ],
    "run_tool": [
      0.1704776660008065,
      0.19128037900009076
    ],
    "cached_run": [
      0.2688244150012906,
      0.2813261239971325
    ],
    "monthly_revenue_by_product": [
      0.08803149799859966
    ]
  },
  "error_counts": {
    "forecast_with_confidence": 1
  }
}