{
  "timestamp": "2026-03-21T20:56:55.317556",
  "stats": {
    "monthly_revenue": {
      "count": 2,
      "avg": 0.06416893799996615,
      "min": 0.054882795999219525,
      "max": 0.07345508000071277,
      "p95": 0.07345508000071277,
      "error_rate": 0.0
    },
    "generate_insights": {
      "count": 1,
      "avg": 4.673224512999695,
      "min": 4.673224512999695,
      "max": 4.673224512999695,
      "p95": 4.673224512999695,
      "error_rate": 0.0
    },
    "revenue_by_product": {
      "count": 2,
      "avg": 0.04137799249974705,
      "min": 0.03533609299938689,
      "max": 0.04741989200010721,
      "p95": 0.04741989200010721,
      "error_rate": 0.0
    },
    "compute_kpis": {
      "count": 1,
      "avg": 0.039491212999564596,
      "min": 0.039491212999564596,
      "max": 0.039491212999564596,
      "p95": 0.039491212999564596,
      "error_rate": 0.0
    },
    "revenue_by_customer": {
      "count": 1,
      "avg": 0.044243936000384565,
      "min": 0.044243936000384565,
      "max": 0.044243936000384565,
      "p95": 0.044243936000384565,
      "error_rate": 0.0
    },
    "detect_revenue_spikes": {
      "count": 1,
      "avg": 0.055071366999982274,
      "min": 0.055071366999982274,
      "max": 0.055071366999982274,
      "p95": 0.055071366999982274,
      "error_rate": 0.0
    },
    "run_tool": {
      "count": 1,
      "avg": 0.0777481799996167,
      "min": 0.0777481799996167,
      "max": 0.0777481799996167,
      "p95": 0.0777481799996167,
      "error_rate": 0.0
    },
    "cached_run": {
      "count": 1,
      "avg": 0.12528011500035063,
      "min": 0.12528011500035063,
      "max": 0.12528011500035063,
      "p95": 0.12528011500035063,
      "error_rate": 0.0
    }
  },
  "metrics": {
    "compute_kpis": [
      0.039491212999564596
    ],
    "revenue_by_customer": [
      0.044243936000384565
    ],
    "revenue_by_product": [
      0.04741989200010721,
      0.03533609299938689
    ],
    "monthly_revenue": [
      0.07345508000071277,
      0.054882795999219525
    ],
    "detect_revenue_spikes": [
      0.055071366999982274
    ],
    "run_tool": [
      0.0777481799996167
    ],
    "cached_run": [
      0.12528011500035063
    ],
    "generate_insights": [
      4.673224512999695
    ]
  },
  "error_counts": {}
}