{
  "timestamp": "2026-03-21T17:33:31.764539",
  "stats": {
    "cached_run": {
      "count": 2,
      "avg": 0.1068280499894172,
      "min": 0.0999661999521777,
      "max": 0.11368990002665669,
      "p95": 0.11368990002665669,
      "error_rate": 0.0
    },
    "generate_insights": {
      "count": 1,
      "avg": 5.054268099949695,
      "min": 5.054268099949695,
      "max": 5.054268099949695,
      "p95": 5.054268099949695,
      "error_rate": 0.0
    },
    "run_tool": {
      "count": 2,
      "avg": 0.09768935001920909,
      "min": 0.09161440003663301,
      "max": 0.10376430000178516,
      "p95": 0.10376430000178516,
      "error_rate": 0.0
    },
    "forecast_revenue_with_explanation": {
      "count": 1,
      "avg": 0.09359009994659573,
      "min": 0.09359009994659573,
      "max": 0.09359009994659573,
      "p95": 0.09359009994659573,
      "error_rate": 0.0
    },
    "monthly_revenue": {
      "count": 2,
      "avg": 0.013692100008483976,
      "min": 0.011194000020623207,
      "max": 0.016190199996344745,
      "p95": 0.016190199996344745,
      "error_rate": 0.0
    },
    "forecast_with_confidence": {
      "count": 1,
      "avg": 0.08272910001687706,
      "min": 0.08272910001687706,
      "max": 0.08272910001687706,
      "p95": 0.08272910001687706,
      "error_rate": 0.0
    }
  },
  "metrics": {
    "monthly_revenue": [
      0.016190199996344745,
      0.011194000020623207
    ],
    "forecast_revenue_with_explanation": [
      0.09359009994659573
    ],
    "run_tool": [
      0.10376430000178516,
      0.09161440003663301
    ],
    "cached_run": [
      0.11368990002665669,
      0.0999661999521777
    ],
    "forecast_with_confidence": [
      0.08272910001687706
    ],
    "generate_insights": [
      5.054268099949695
    ]
  },
  "error_counts": {}
}