{
  "timestamp": "2026-03-16T11:39:26.146908",
  "stats": {
    "generate_insights": {
      "count": 1,
      "avg": 5.013904099992942,
      "min": 5.013904099992942,
      "max": 5.013904099992942,
      "p95": 5.013904099992942,
      "error_rate": 0.0
    },
    "revenue_by_customer": {
      "count": 1,
      "avg": 0.020677699998486787,
      "min": 0.020677699998486787,
      "max": 0.020677699998486787,
      "p95": 0.020677699998486787,
      "error_rate": 0.0
    },
    "run_tool": {
      "count": 2,
      "avg": 0.05230025001219474,
      "min": 0.04063599999062717,
      "max": 0.0639645000337623,
      "p95": 0.0639645000337623,
      "error_rate": 0.0
    },
    "cached_run": {
      "count": 2,
      "avg": 0.0679762500221841,
      "min": 0.056893100030720234,
      "max": 0.07905940001364797,
      "p95": 0.07905940001364797,
      "error_rate": 0.0
    },
    "monthly_revenue_by_customer": {
      "count": 1,
      "avg": 0.047190000012051314,
      "min": 0.047190000012051314,
      "max": 0.047190000012051314,
      "p95": 0.047190000012051314,
      "error_rate": 0.0
    }
  },
  "metrics": {
    "revenue_by_customer": [
      0.020677699998486787
    ],
    "run_tool": [
      0.04063599999062717,
      0.0639645000337623
    ],
    "cached_run": [
      0.056893100030720234,
      0.07905940001364797
    ],
    "monthly_revenue_by_customer": [
      0.047190000012051314
    ],
    "generate_insights": [
      5.013904099992942
    ]
  },
  "error_counts": {}
}