{
  "timestamp": "2026-03-27T16:08:46.825071",
  "stats": {
    "monthly_revenue": {
      "count": 5,
      "avg": 0.06988728139986052,
      "min": 0.04890952500136336,
      "max": 0.09243439399870113,
      "p95": 0.09243439399870113,
      "error_rate": 0.0
    },
    "revenue_by_product": {
      "count": 2,
      "avg": 0.0743498145002377,
      "min": 0.06585507199997664,
      "max": 0.08284455700049875,
      "p95": 0.08284455700049875,
      "error_rate": 0.0
    },
    "forecast_revenue_with_explanation": {
      "count": 1,
      "avg": 0.16361100599897327,
      "min": 0.16361100599897327,
      "max": 0.16361100599897327,
      "p95": 0.16361100599897327,
      "error_rate": 0.0
    },
    "cached_run": {
      "count": 2,
      "avg": 0.2469918200004031,
      "min": 0.24589029699927778,
      "max": 0.2480933430015284,
      "p95": 0.2480933430015284,
      "error_rate": 0.0
    },
    "revenue_by_customer": {
      "count": 3,
      "avg": 0.07647889666501821,
      "min": 0.06700576699950034,
      "max": 0.08576732399887987,
      "p95": 0.08576732399887987,
      "error_rate": 0.0
    },
    "detect_revenue_spikes": {
      "count": 4,
      "avg": 0.11522131549918413,
      "min": 0.07253245299943956,
      "max": 0.17109325199999148,
      "p95": 0.17109325199999148,
      "error_rate": 0.0
    },
    "autonomous_run": {
      "count": 1,
      "avg": 9.025029759999597,
      "min": 9.025029759999597,
      "max": 9.025029759999597,
      "p95": 9.025029759999597,
      "error_rate": 0.0
    },
    "generate_insights": {
      "count": 2,
      "avg": 5.195301219499015,
      "min": 3.1629191119973257,
      "max": 7.227683327000705,
      "p95": 7.227683327000705,
      "error_rate": 0.0
    },
    "run_tool": {
      "count": 2,
      "avg": 0.17368825049925363,
      "min": 0.16873990900057834,
      "max": 0.17863659199792892,
      "p95": 0.17863659199792892,
      "error_rate": 0.0
    },
    "monthly_revenue_by_customer": {
      "count": 1,
      "avg": 0.09887632699974347,
      "min": 0.09887632699974347,
      "max": 0.09887632699974347,
      "p95": 0.09887632699974347,
      "error_rate": 0.0
    },
    "compute_kpis": {
      "count": 2,
      "avg": 0.0689790760006872,
      "min": 0.06694984700152418,
      "max": 0.07100830499985022,
      "p95": 0.07100830499985022,
      "error_rate": 0.0
    }
  },
  "metrics": {
    "compute_kpis": [
      0.07100830499985022,
      0.06694984700152418
    ],
    "revenue_by_customer": [
      0.07666359899667441,
      0.06700576699950034,
      0.08576732399887987
    ],
    "revenue_by_product": [
      0.06585507199997664,
      0.08284455700049875
    ],
    "monthly_revenue": [
      0.09243439399870113,
      0.05262506500002928,
      0.06718223699863302,
      0.08828518600057578,
      0.04890952500136336
    ],
    "detect_revenue_spikes": [
      0.11760259899892844,
      0.17109325199999148,
      0.07253245299943956,
      0.09965695799837704
    ],
    "forecast_revenue_with_explanation": [
      0.16361100599897327
    ],
    "generate_insights": [
      7.227683327000705,
      3.1629191119973257
    ],
    "autonomous_run": [
      9.025029759999597
    ],
    "run_tool": [
      0.16873990900057834,
      0.17863659199792892
    ],
    "cached_run": [
      0.24589029699927778,
      0.2480933430015284
    ],
    "monthly_revenue_by_customer": [
      0.09887632699974347
    ]
  },
  "error_counts": {}
}