{
  "timestamp": "2026-03-27T12:54:40.796023",
  "stats": {
    "generate_insights": {
      "count": 1,
      "avg": 15.279275299981236,
      "min": 15.279275299981236,
      "max": 15.279275299981236,
      "p95": 15.279275299981236,
      "error_rate": 0.0
    },
    "revenue_by_product": {
      "count": 1,
      "avg": 0.018567300168797374,
      "min": 0.018567300168797374,
      "max": 0.018567300168797374,
      "p95": 0.018567300168797374,
      "error_rate": 0.0
    },
    "run_tool": {
      "count": 2,
      "avg": 0.036521100089885294,
      "min": 0.03192130010575056,
      "max": 0.04112090007402003,
      "p95": 0.04112090007402003,
      "error_rate": 0.0
    },
    "cached_run": {
      "count": 2,
      "avg": 0.050515900016762316,
      "min": 0.045622400008141994,
      "max": 0.05540940002538264,
      "p95": 0.05540940002538264,
      "error_rate": 0.0
    },
    "monthly_revenue_by_product": {
      "count": 1,
      "avg": 0.02746440004557371,
      "min": 0.02746440004557371,
      "max": 0.02746440004557371,
      "p95": 0.02746440004557371,
      "error_rate": 0.0
    }
  },
  "metrics": {
    "revenue_by_product": [
      0.018567300168797374
    ],
    "run_tool": [
      0.03192130010575056,
      0.04112090007402003
    ],
    "cached_run": [
      0.045622400008141994,
      0.05540940002538264
    ],
    "monthly_revenue_by_product": [
      0.02746440004557371
    ],
    "generate_insights": [
      15.279275299981236
    ]
  },
  "error_counts": {}
}