{
  "timestamp": "2026-03-26T17:17:55.283231",
  "stats": {
    "monthly_revenue_by_product_full": {
      "count": 1,
      "avg": 0.011110211999039166,
      "min": 0.011110211999039166,
      "max": 0.011110211999039166,
      "p95": 0.011110211999039166,
      "error_rate": 0.0
    },
    "forecast_revenue_by_product": {
      "count": 1,
      "avg": 0.05608305099849531,
      "min": 0.05608305099849531,
      "max": 0.05608305099849531,
      "p95": 0.05608305099849531,
      "error_rate": 0.0
    },
    "autonomous_run": {
      "count": 2,
      "avg": 8.553546172999631,
      "min": 8.005836266000188,
      "max": 9.101256079999075,
      "p95": 9.101256079999075,
      "error_rate": 0.0
    },
    "revenue_by_customer": {
      "count": 2,
      "avg": 0.030554508500244992,
      "min": 0.02831398300077126,
      "max": 0.032795033999718726,
      "p95": 0.032795033999718726,
      "error_rate": 0.0
    },
    "detect_revenue_spikes": {
      "count": 2,
      "avg": 0.05844374250045803,
      "min": 0.05714432100103295,
      "max": 0.05974316399988311,
      "p95": 0.05974316399988311,
      "error_rate": 0.0
    },
    "revenue_by_product": {
      "count": 4,
      "avg": 0.02681631500036019,
      "min": 0.022734592001143028,
      "max": 0.028740944000674062,
      "p95": 0.028740944000674062,
      "error_rate": 0.0
    },
    "compute_kpis": {
      "count": 2,
      "avg": 0.030329545000313374,
      "min": 0.02803549700001895,
      "max": 0.0326235930006078,
      "p95": 0.0326235930006078,
      "error_rate": 0.0
    },
    "monthly_revenue": {
      "count": 5,
      "avg": 0.03269337899946549,
      "min": 0.02524123600051098,
      "max": 0.047589028999937,
      "p95": 0.047589028999937,
      "error_rate": 0.0
    },
    "run_tool": {
      "count": 2,
      "avg": 0.050996571500036225,
      "min": 0.04898434599999746,
      "max": 0.05300879700007499,
      "p95": 0.05300879700007499,
      "error_rate": 0.0
    },
    "generate_insights": {
      "count": 3,
      "avg": 5.040813634666847,
      "min": 3.347283951999998,
      "max": 6.330909787000564,
      "p95": 6.330909787000564,
      "error_rate": 0.0
    },
    "forecast_revenue_with_explanation": {
      "count": 1,
      "avg": 0.027457136000521132,
      "min": 0.027457136000521132,
      "max": 0.027457136000521132,
      "p95": 0.027457136000521132,
      "error_rate": 0.0
    },
    "forecast_with_confidence": {
      "count": 0,
      "avg": 0.0,
      "min": 0.0,
      "max": 0.0,
      "p95": 0.0,
      "error_rate": 1.0
    },
    "cached_run": {
      "count": 2,
      "avg": 0.07691155949942186,
      "min": 0.07569573799992213,
      "max": 0.07812738099892158,
      "p95": 0.07812738099892158,
      "error_rate": 0.0
    }
  },
  "metrics": {
    "compute_kpis": [
      0.0326235930006078,
      0.02803549700001895
    ],
    "revenue_by_customer": [
      0.032795033999718726,
      0.02831398300077126
    ],
    "revenue_by_product": [
      0.028740944000674062,
      0.022734592001143028,
      0.02767965000020922,
      0.028110073999414453
    ],
    "monthly_revenue": [
      0.047589028999937,
      0.03166716999839991,
      0.029683073998967302,
      0.029286385999512277,
      0.02524123600051098
    ],
    "detect_revenue_spikes": [
      0.05974316399988311,
      0.05714432100103295
    ],
    "run_tool": [
      0.04898434599999746,
      0.05300879700007499
    ],
    "cached_run": [
      0.07569573799992213,
      0.07812738099892158
    ],
    "generate_insights": [
      5.444247164999979,
      6.330909787000564,
      3.347283951999998
    ],
    "autonomous_run": [
      8.005836266000188,
      9.101256079999075
    ],
    "monthly_revenue_by_product_full": [
      0.011110211999039166
    ],
    "forecast_revenue_by_product": [
      0.05608305099849531
    ],
    "forecast_revenue_with_explanation": [
      0.027457136000521132
    ]
  },
  "error_counts": {
    "forecast_with_confidence": 1
  }
}