{
  "timestamp": "2026-03-21T22:16:21.629269",
  "stats": {
    "generate_insights": {
      "count": 1,
      "avg": 4.819404286999998,
      "min": 4.819404286999998,
      "max": 4.819404286999998,
      "p95": 4.819404286999998,
      "error_rate": 0.0
    },
    "monthly_revenue": {
      "count": 2,
      "avg": 0.05486254600054963,
      "min": 0.052016507001098944,
      "max": 0.05770858500000031,
      "p95": 0.05770858500000031,
      "error_rate": 0.0
    },
    "detect_revenue_spikes": {
      "count": 1,
      "avg": 0.052278728000601404,
      "min": 0.052278728000601404,
      "max": 0.052278728000601404,
      "p95": 0.052278728000601404,
      "error_rate": 0.0
    },
    "cached_run": {
      "count": 1,
      "avg": 0.1849874239997007,
      "min": 0.1849874239997007,
      "max": 0.1849874239997007,
      "p95": 0.1849874239997007,
      "error_rate": 0.0
    },
    "revenue_by_customer": {
      "count": 1,
      "avg": 0.05904735600051936,
      "min": 0.05904735600051936,
      "max": 0.05904735600051936,
      "p95": 0.05904735600051936,
      "error_rate": 0.0
    },
    "run_tool": {
      "count": 1,
      "avg": 0.12719861200093874,
      "min": 0.12719861200093874,
      "max": 0.12719861200093874,
      "p95": 0.12719861200093874,
      "error_rate": 0.0
    },
    "revenue_by_product": {
      "count": 2,
      "avg": 0.06315099499988719,
      "min": 0.05528024699924572,
      "max": 0.07102174300052866,
      "p95": 0.07102174300052866,
      "error_rate": 0.0
    },
    "compute_kpis": {
      "count": 1,
      "avg": 0.0515818540006876,
      "min": 0.0515818540006876,
      "max": 0.0515818540006876,
      "p95": 0.0515818540006876,
      "error_rate": 0.0
    }
  },
  "metrics": {
    "compute_kpis": [
      0.0515818540006876
    ],
    "revenue_by_customer": [
      0.05904735600051936
    ],
    "revenue_by_product": [
      0.05528024699924572,
      0.07102174300052866
    ],
    "monthly_revenue": [
      0.05770858500000031,
      0.052016507001098944
    ],
    "detect_revenue_spikes": [
      0.052278728000601404
    ],
    "run_tool": [
      0.12719861200093874
    ],
    "cached_run": [
      0.1849874239997007
    ],
    "generate_insights": [
      4.819404286999998
    ]
  },
  "error_counts": {}
}