{
  "timestamp": "2026-03-27T14:55:11.180672",
  "stats": {
    "generate_insights": {
      "count": 2,
      "avg": 14.757501182999476,
      "min": 13.603100798000014,
      "max": 15.911901567998939,
      "p95": 15.911901567998939,
      "error_rate": 0.0
    },
    "cached_run": {
      "count": 4,
      "avg": 0.14607956225017915,
      "min": 0.12096876600116957,
      "max": 0.17251032500098518,
      "p95": 0.17251032500098518,
      "error_rate": 0.0
    },
    "run_tool": {
      "count": 4,
      "avg": 0.09907011500035878,
      "min": 0.08208034299968858,
      "max": 0.12115692699990177,
      "p95": 0.12115692699990177,
      "error_rate": 0.0
    },
    "monthly_revenue_by_product": {
      "count": 2,
      "avg": 0.051282114000059664,
      "min": 0.045140277999962564,
      "max": 0.057423950000156765,
      "p95": 0.057423950000156765,
      "error_rate": 0.0
    },
    "autonomous_run": {
      "count": 1,
      "avg": 18.234779583999625,
      "min": 18.234779583999625,
      "max": 18.234779583999625,
      "p95": 18.234779583999625,
      "error_rate": 0.0
    },
    "revenue_by_product": {
      "count": 2,
      "avg": 0.046502876499289414,
      "min": 0.041406458998608286,
      "max": 0.05159929399997054,
      "p95": 0.05159929399997054,
      "error_rate": 0.0
    },
    "detect_revenue_spikes": {
      "count": 2,
      "avg": 0.06760871749975195,
      "min": 0.05842047099940828,
      "max": 0.07679696400009561,
      "p95": 0.07679696400009561,
      "error_rate": 0.0
    }
  },
  "metrics": {
    "revenue_by_product": [
      0.05159929399997054,
      0.041406458998608286
    ],
    "run_tool": [
      0.10524591500143288,
      0.12115692699990177,
      0.08208034299968858,
      0.0877972750004119
    ],
    "cached_run": [
      0.16421912699843233,
      0.17251032500098518,
      0.12096876600116957,
      0.12662003100012953
    ],
    "monthly_revenue_by_product": [
      0.057423950000156765,
      0.045140277999962564
    ],
    "detect_revenue_spikes": [
      0.07679696400009561,
      0.05842047099940828
    ],
    "generate_insights": [
      15.911901567998939,
      13.603100798000014
    ],
    "autonomous_run": [
      18.234779583999625
    ]
  },
  "error_counts": {}
}