{
  "timestamp": "2026-03-27T14:41:18.719748",
  "stats": {
    "monthly_revenue": {
      "count": 2,
      "avg": 0.028745849966071546,
      "min": 0.027349599869921803,
      "max": 0.03014210006222129,
      "p95": 0.03014210006222129,
      "error_rate": 0.0
    },
    "compute_kpis": {
      "count": 1,
      "avg": 0.028643999947234988,
      "min": 0.028643999947234988,
      "max": 0.028643999947234988,
      "p95": 0.028643999947234988,
      "error_rate": 0.0
    },
    "generate_insights": {
      "count": 1,
      "avg": 11.273633300093934,
      "min": 11.273633300093934,
      "max": 11.273633300093934,
      "p95": 11.273633300093934,
      "error_rate": 0.0
    },
    "monthly_profit": {
      "count": 1,
      "avg": 0.0292022000066936,
      "min": 0.0292022000066936,
      "max": 0.0292022000066936,
      "p95": 0.0292022000066936,
      "error_rate": 0.0
    },
    "run_tool": {
      "count": 4,
      "avg": 0.06822802493115887,
      "min": 0.05531389988027513,
      "max": 0.08294080011546612,
      "p95": 0.08294080011546612,
      "error_rate": 0.0
    },
    "detect_revenue_spikes": {
      "count": 1,
      "avg": 0.053389899898320436,
      "min": 0.053389899898320436,
      "max": 0.053389899898320436,
      "p95": 0.053389899898320436,
      "error_rate": 0.0
    },
    "cached_run": {
      "count": 4,
      "avg": 0.09346042497782037,
      "min": 0.08064659987576306,
      "max": 0.10837349994108081,
      "p95": 0.10837349994108081,
      "error_rate": 0.0
    },
    "monthly_growth": {
      "count": 1,
      "avg": 0.05825500003993511,
      "min": 0.05825500003993511,
      "max": 0.05825500003993511,
      "p95": 0.05825500003993511,
      "error_rate": 0.0
    }
  },
  "metrics": {
    "compute_kpis": [
      0.028643999947234988
    ],
    "run_tool": [
      0.05589449987746775,
      0.08294080011546612,
      0.05531389988027513,
      0.07876289985142648
    ],
    "cached_run": [
      0.08118250011466444,
      0.10837349994108081,
      0.08064659987576306,
      0.10363909997977316
    ],
    "monthly_revenue": [
      0.03014210006222129,
      0.027349599869921803
    ],
    "monthly_growth": [
      0.05825500003993511
    ],
    "monthly_profit": [
      0.0292022000066936
    ],
    "detect_revenue_spikes": [
      0.053389899898320436
    ],
    "generate_insights": [
      11.273633300093934
    ]
  },
  "error_counts": {}
}