{
  "timestamp": "2026-03-21T18:11:52.606482",
  "stats": {
    "run_tool": {
      "count": 3,
      "avg": 0.11835096663950632,
      "min": 0.0836331999162212,
      "max": 0.18459790002088994,
      "p95": 0.18459790002088994,
      "error_rate": 0.0
    },
    "forecast_revenue_by_product": {
      "count": 1,
      "avg": 0.17096790007781237,
      "min": 0.17096790007781237,
      "max": 0.17096790007781237,
      "p95": 0.17096790007781237,
      "error_rate": 0.0
    },
    "monthly_revenue": {
      "count": 2,
      "avg": 0.016935200022999197,
      "min": 0.016248099971562624,
      "max": 0.01762230007443577,
      "p95": 0.01762230007443577,
      "error_rate": 0.0
    },
    "cached_run": {
      "count": 3,
      "avg": 0.13118069999230406,
      "min": 0.09670090000145137,
      "max": 0.1973299999954179,
      "p95": 0.1973299999954179,
      "error_rate": 0.0
    },
    "forecast_revenue_with_explanation": {
      "count": 1,
      "avg": 0.06971109996084124,
      "min": 0.06971109996084124,
      "max": 0.06971109996084124,
      "p95": 0.06971109996084124,
      "error_rate": 0.0
    },
    "monthly_revenue_by_product_full": {
      "count": 1,
      "avg": 0.010400800034403801,
      "min": 0.010400800034403801,
      "max": 0.010400800034403801,
      "p95": 0.010400800034403801,
      "error_rate": 0.0
    },
    "forecast_with_confidence": {
      "count": 1,
      "avg": 0.07366480003111064,
      "min": 0.07366480003111064,
      "max": 0.07366480003111064,
      "p95": 0.07366480003111064,
      "error_rate": 0.0
    },
    "generate_insights": {
      "count": 1,
      "avg": 6.25767119997181,
      "min": 6.25767119997181,
      "max": 6.25767119997181,
      "p95": 6.25767119997181,
      "error_rate": 0.0
    }
  },
  "metrics": {
    "monthly_revenue_by_product_full": [
      0.010400800034403801
    ],
    "forecast_revenue_by_product": [
      0.17096790007781237
    ],
    "run_tool": [
      0.18459790002088994,
      0.0836331999162212,
      0.08682179998140782
    ],
    "cached_run": [
      0.1973299999954179,
      0.09670090000145137,
      0.09951119998004287
    ],
    "monthly_revenue": [
      0.01762230007443577,
      0.016248099971562624
    ],
    "forecast_revenue_with_explanation": [
      0.06971109996084124
    ],
    "forecast_with_confidence": [
      0.07366480003111064
    ],
    "generate_insights": [
      6.25767119997181
    ]
  },
  "error_counts": {}
}