{
  "timestamp": "2026-03-26T16:11:13.718632",
  "stats": {
    "run_tool": {
      "count": 1,
      "avg": 0.05413907399997697,
      "min": 0.05413907399997697,
      "max": 0.05413907399997697,
      "p95": 0.05413907399997697,
      "error_rate": 0.0
    },
    "compute_kpis": {
      "count": 1,
      "avg": 0.022871868999573053,
      "min": 0.022871868999573053,
      "max": 0.022871868999573053,
      "p95": 0.022871868999573053,
      "error_rate": 0.0
    },
    "revenue_by_customer": {
      "count": 0,
      "avg": 0.0,
      "min": 0.0,
      "max": 0.0,
      "p95": 0.0,
      "error_rate": 1.0
    },
    "cached_run": {
      "count": 1,
      "avg": 0.07805095500043535,
      "min": 0.07805095500043535,
      "max": 0.07805095500043535,
      "p95": 0.07805095500043535,
      "error_rate": 0.0
    },
    "revenue_by_product": {
      "count": 1,
      "avg": 0.03148462900026061,
      "min": 0.03148462900026061,
      "max": 0.03148462900026061,
      "p95": 0.03148462900026061,
      "error_rate": 0.0
    },
    "generate_insights": {
      "count": 1,
      "avg": 5.753660889000457,
      "min": 5.753660889000457,
      "max": 5.753660889000457,
      "p95": 5.753660889000457,
      "error_rate": 0.0
    }
  },
  "metrics": {
    "compute_kpis": [
      0.022871868999573053
    ],
    "revenue_by_product": [
      0.03148462900026061
    ],
    "run_tool": [
      0.05413907399997697
    ],
    "cached_run": [
      0.07805095500043535
    ],
    "generate_insights": [
      5.753660889000457
    ]
  },
  "error_counts": {
    "revenue_by_customer": 1
  }
}