{
  "timestamp": "2026-03-19T11:28:43.090696",
  "stats": {
    "generate_insights": {
      "count": 3,
      "avg": 6.234846166684292,
      "min": 5.118601400055923,
      "max": 7.854599799960852,
      "p95": 7.854599799960852,
      "error_rate": 0.0
    },
    "monthly_revenue": {
      "count": 4,
      "avg": 0.02637055004015565,
      "min": 0.017066300031729043,
      "max": 0.03551900002639741,
      "p95": 0.03551900002639741,
      "error_rate": 0.0
    },
    "compute_kpis": {
      "count": 2,
      "avg": 0.02522655000211671,
      "min": 0.01940749993082136,
      "max": 0.03104560007341206,
      "p95": 0.03104560007341206,
      "error_rate": 0.0
    },
    "revenue_by_customer": {
      "count": 3,
      "avg": 0.026404566635998588,
      "min": 0.02239910000935197,
      "max": 0.03207389998715371,
      "p95": 0.03207389998715371,
      "error_rate": 0.0
    },
    "cached_run": {
      "count": 4,
      "avg": 0.07760817496455275,
      "min": 0.05649499990977347,
      "max": 0.13208080001641065,
      "p95": 0.13208080001641065,
      "error_rate": 0.0
    },
    "revenue_by_product": {
      "count": 4,
      "avg": 0.023588774987729266,
      "min": 0.02119270002003759,
      "max": 0.02808830002322793,
      "p95": 0.02808830002322793,
      "error_rate": 0.0
    },
    "autonomous_run": {
      "count": 2,
      "avg": 9.183737799990922,
      "min": 7.457501699915156,
      "max": 10.909973900066689,
      "p95": 10.909973900066689,
      "error_rate": 0.0
    },
    "detect_revenue_spikes": {
      "count": 2,
      "avg": 0.02678934996947646,
      "min": 0.026648500002920628,
      "max": 0.026930199936032295,
      "p95": 0.026930199936032295,
      "error_rate": 0.0
    },
    "monthly_revenue_by_customer": {
      "count": 1,
      "avg": 0.09694790001958609,
      "min": 0.09694790001958609,
      "max": 0.09694790001958609,
      "p95": 0.09694790001958609,
      "error_rate": 0.0
    },
    "run_tool": {
      "count": 4,
      "avg": 0.0601448499946855,
      "min": 0.039113499922677875,
      "max": 0.11422270000912249,
      "p95": 0.11422270000912249,
      "error_rate": 0.0
    }
  },
  "metrics": {
    "compute_kpis": [
      0.01940749993082136,
      0.03104560007341206
    ],
    "revenue_by_customer": [
      0.02239910000935197,
      0.03207389998715371,
      0.024740699911490083
    ],
    "revenue_by_product": [
      0.021714899921789765,
      0.02808830002322793,
      0.023359199985861778,
      0.02119270002003759
    ],
    "monthly_revenue": [
      0.03551900002639741,
      0.026615000097081065,
      0.017066300031729043,
      0.026281900005415082
    ],
    "detect_revenue_spikes": [
      0.026930199936032295,
      0.026648500002920628
    ],
    "run_tool": [
      0.04576380003709346,
      0.039113499922677875,
      0.04147940000984818,
      0.11422270000912249
    ],
    "cached_run": [
      0.06360100000165403,
      0.05649499990977347,
      0.058255899930372834,
      0.13208080001641065
    ],
    "generate_insights": [
      7.854599799960852,
      5.118601400055923,
      5.7313373000361025
    ],
    "autonomous_run": [
      10.909973900066689,
      7.457501699915156
    ],
    "monthly_revenue_by_customer": [
      0.09694790001958609
    ]
  },
  "error_counts": {}
}