{
  "timestamp": "2026-03-27T15:41:26.621838",
  "stats": {
    "forecast_with_confidence": {
      "count": 0,
      "avg": 0.0,
      "min": 0.0,
      "max": 0.0,
      "p95": 0.0,
      "error_rate": 1.0
    },
    "detect_revenue_spikes": {
      "count": 1,
      "avg": 0.056843372000003,
      "min": 0.056843372000003,
      "max": 0.056843372000003,
      "p95": 0.056843372000003,
      "error_rate": 0.0
    },
    "monthly_revenue": {
      "count": 1,
      "avg": 0.07580436200078111,
      "min": 0.07580436200078111,
      "max": 0.07580436200078111,
      "p95": 0.07580436200078111,
      "error_rate": 0.0
    },
    "generate_insights": {
      "count": 1,
      "avg": 9.227148240997849,
      "min": 9.227148240997849,
      "max": 9.227148240997849,
      "p95": 9.227148240997849,
      "error_rate": 0.0
    },
    "forecast_revenue_with_explanation": {
      "count": 1,
      "avg": 0.1723650460007775,
      "min": 0.1723650460007775,
      "max": 0.1723650460007775,
      "p95": 0.1723650460007775,
      "error_rate": 0.0
    }
  },
  "metrics": {
    "monthly_revenue": [
      0.07580436200078111
    ],
    "forecast_revenue_with_explanation": [
      0.1723650460007775
    ],
    "detect_revenue_spikes": [
      0.056843372000003
    ],
    "generate_insights": [
      9.227148240997849
    ]
  },
  "error_counts": {
    "forecast_with_confidence": 1
  }
}