{
  "timestamp": "2026-03-27T16:40:33.385216",
  "stats": {
    "monthly_revenue_by_product": {
      "count": 5,
      "avg": 0.08220537879969925,
      "min": 0.06288429299820564,
      "max": 0.11472826799945324,
      "p95": 0.11472826799945324,
      "error_rate": 0.0
    },
    "revenue_by_customer": {
      "count": 2,
      "avg": 0.0919450194996898,
      "min": 0.08921609300159616,
      "max": 0.09467394599778345,
      "p95": 0.09467394599778345,
      "error_rate": 0.0
    },
    "monthly_revenue": {
      "count": 2,
      "avg": 0.0949411660003534,
      "min": 0.09344910100116977,
      "max": 0.09643323099953705,
      "p95": 0.09643323099953705,
      "error_rate": 0.0
    },
    "generate_insights": {
      "count": 6,
      "avg": 8.564107010666703,
      "min": 7.254689741999755,
      "max": 10.56915550299891,
      "p95": 10.56915550299891,
      "error_rate": 0.0
    },
    "monthly_revenue_by_customer": {
      "count": 1,
      "avg": 0.09674083400022937,
      "min": 0.09674083400022937,
      "max": 0.09674083400022937,
      "p95": 0.09674083400022937,
      "error_rate": 0.0
    },
    "detect_revenue_spikes": {
      "count": 7,
      "avg": 0.1098733439996847,
      "min": 0.07696641000075033,
      "max": 0.1800647130003199,
      "p95": 0.1800647130003199,
      "error_rate": 0.0
    },
    "cached_run": {
      "count": 12,
      "avg": 0.24611379449985785,
      "min": 0.16247537399976864,
      "max": 0.30004229100086377,
      "p95": 0.30004229100086377,
      "error_rate": 0.0
    },
    "run_tool": {
      "count": 12,
      "avg": 0.16191598174949226,
      "min": 0.10266854699875694,
      "max": 0.20904294600040885,
      "p95": 0.20904294600040885,
      "error_rate": 0.0
    },
    "autonomous_run": {
      "count": 5,
      "avg": 11.720506529200065,
      "min": 10.324267066000175,
      "max": 13.497128315997543,
      "p95": 13.497128315997543,
      "error_rate": 0.0
    },
    "revenue_by_product": {
      "count": 6,
      "avg": 0.0801147021666111,
      "min": 0.052275444999395404,
      "max": 0.10650367400012328,
      "p95": 0.10650367400012328,
      "error_rate": 0.0
    },
    "compute_kpis": {
      "count": 1,
      "avg": 0.0797142650008027,
      "min": 0.0797142650008027,
      "max": 0.0797142650008027,
      "p95": 0.0797142650008027,
      "error_rate": 0.0
    }
  },
  "metrics": {
    "compute_kpis": [
      0.0797142650008027
    ],
    "revenue_by_customer": [
      0.08921609300159616,
      0.09467394599778345
    ],
    "revenue_by_product": [
      0.10105169999951613,
      0.05950119800036191,
      0.08210659199903603,
      0.07924960400123382,
      0.10650367400012328,
      0.052275444999395404
    ],
    "monthly_revenue": [
      0.09643323099953705,
      0.09344910100116977
    ],
    "detect_revenue_spikes": [
      0.1800647130003199,
      0.1271613079989038,
      0.11299308999878122,
      0.10268347899909713,
      0.08161406999715837,
      0.08763033800278208,
      0.07696641000075033
    ],
    "run_tool": [
      0.19327038600022206,
      0.1882279519995791,
      0.10982168999908026,
      0.189290586997231,
      0.15338497599805123,
      0.19803484299700358,
      0.1584419760001765,
      0.1527429680027126,
      0.20904294600040885,
      0.15717867100102012,
      0.10266854699875694,
      0.13088623899966478
    ],
    "cached_run": [
      0.2848878019976837,
      0.271980348003126,
      0.29250926799795707,
      0.30004229100086377,
      0.20856425300007686,
      0.26436458500029403,
      0.22297291900031269,
      0.2245721399995091,
      0.2968866240007628,
      0.23246252500030096,
      0.16247537399976864,
      0.19164740499763866
    ],
    "monthly_revenue_by_customer": [
      0.09674083400022937
    ],
    "generate_insights": [
      7.254689741999755,
      10.382094575001247,
      7.682534792998922,
      10.56915550299891,
      7.824470715000643,
      7.67169673600074
    ],
    "autonomous_run": [
      10.324267066000175,
      13.497128315997543,
      10.9613139710018,
      13.218920144998265,
      10.600903148002544
    ],
    "monthly_revenue_by_product": [
      0.11472826799945324,
      0.07606336300159455,
      0.07654911200006609,
      0.08080185799917672,
      0.06288429299820564
    ]
  },
  "error_counts": {}
}