{
  "timestamp": "2026-03-21T22:18:30.656598",
  "stats": {
    "generate_insights": {
      "count": 3,
      "avg": 4.35136331433326,
      "min": 4.086253937000947,
      "max": 4.819404286999998,
      "p95": 4.819404286999998,
      "error_rate": 0.0
    },
    "forecast_revenue_by_product": {
      "count": 1,
      "avg": 0.07160377000036533,
      "min": 0.07160377000036533,
      "max": 0.07160377000036533,
      "p95": 0.07160377000036533,
      "error_rate": 0.0
    },
    "monthly_revenue": {
      "count": 3,
      "avg": 0.06093911533389473,
      "min": 0.052016507001098944,
      "max": 0.07309225400058494,
      "p95": 0.07309225400058494,
      "error_rate": 0.0
    },
    "monthly_revenue_by_product_full": {
      "count": 1,
      "avg": 0.007242757999847527,
      "min": 0.007242757999847527,
      "max": 0.007242757999847527,
      "p95": 0.007242757999847527,
      "error_rate": 0.0
    },
    "forecast_with_confidence": {
      "count": 0,
      "avg": 0.0,
      "min": 0.0,
      "max": 0.0,
      "p95": 0.0,
      "error_rate": 1.0
    },
    "detect_revenue_spikes": {
      "count": 1,
      "avg": 0.052278728000601404,
      "min": 0.052278728000601404,
      "max": 0.052278728000601404,
      "p95": 0.052278728000601404,
      "error_rate": 0.0
    },
    "cached_run": {
      "count": 3,
      "avg": 0.18206495533316533,
      "min": 0.17468216199995368,
      "max": 0.1865252799998416,
      "p95": 0.1865252799998416,
      "error_rate": 0.0
    },
    "forecast_revenue_with_explanation": {
      "count": 1,
      "avg": 0.07646385499901953,
      "min": 0.07646385499901953,
      "max": 0.07646385499901953,
      "p95": 0.07646385499901953,
      "error_rate": 0.0
    },
    "revenue_by_customer": {
      "count": 2,
      "avg": 0.061157691000516934,
      "min": 0.05904735600051936,
      "max": 0.06326802600051451,
      "p95": 0.06326802600051451,
      "error_rate": 0.0
    },
    "autonomous_run": {
      "count": 2,
      "avg": 6.827405495999301,
      "min": 6.504860663999352,
      "max": 7.14995032799925,
      "p95": 7.14995032799925,
      "error_rate": 0.0
    },
    "monthly_revenue_by_customer": {
      "count": 1,
      "avg": 0.061987274000784964,
      "min": 0.061987274000784964,
      "max": 0.061987274000784964,
      "p95": 0.061987274000784964,
      "error_rate": 0.0
    },
    "run_tool": {
      "count": 3,
      "avg": 0.12304592233401006,
      "min": 0.11647210699993593,
      "max": 0.12719861200093874,
      "p95": 0.12719861200093874,
      "error_rate": 0.0
    },
    "revenue_by_product": {
      "count": 2,
      "avg": 0.06315099499988719,
      "min": 0.05528024699924572,
      "max": 0.07102174300052866,
      "p95": 0.07102174300052866,
      "error_rate": 0.0
    },
    "compute_kpis": {
      "count": 1,
      "avg": 0.0515818540006876,
      "min": 0.0515818540006876,
      "max": 0.0515818540006876,
      "p95": 0.0515818540006876,
      "error_rate": 0.0
    }
  },
  "metrics": {
    "compute_kpis": [
      0.0515818540006876
    ],
    "revenue_by_customer": [
      0.05904735600051936,
      0.06326802600051451
    ],
    "revenue_by_product": [
      0.05528024699924572,
      0.07102174300052866
    ],
    "monthly_revenue": [
      0.05770858500000031,
      0.052016507001098944,
      0.07309225400058494
    ],
    "detect_revenue_spikes": [
      0.052278728000601404
    ],
    "run_tool": [
      0.12719861200093874,
      0.11647210699993593,
      0.1254670480011555
    ],
    "cached_run": [
      0.1849874239997007,
      0.17468216199995368,
      0.1865252799998416
    ],
    "generate_insights": [
      4.819404286999998,
      4.086253937000947,
      4.148431718998836
    ],
    "autonomous_run": [
      7.14995032799925,
      6.504860663999352
    ],
    "monthly_revenue_by_product_full": [
      0.007242757999847527
    ],
    "forecast_revenue_by_product": [
      0.07160377000036533
    ],
    "forecast_revenue_with_explanation": [
      0.07646385499901953
    ],
    "monthly_revenue_by_customer": [
      0.061987274000784964
    ]
  },
  "error_counts": {
    "forecast_with_confidence": 1
  }
}