{
  "timestamp": "2026-03-22T15:28:36.332404",
  "stats": {
    "detect_revenue_spikes": {
      "count": 1,
      "avg": 0.05065165199994226,
      "min": 0.05065165199994226,
      "max": 0.05065165199994226,
      "p95": 0.05065165199994226,
      "error_rate": 0.0
    },
    "run_tool": {
      "count": 2,
      "avg": 0.06484178549999342,
      "min": 0.061769612000716734,
      "max": 0.06791395899927011,
      "p95": 0.06791395899927011,
      "error_rate": 0.0
    },
    "monthly_revenue": {
      "count": 2,
      "avg": 0.036437967499296064,
      "min": 0.026451252999322605,
      "max": 0.046424681999269524,
      "p95": 0.046424681999269524,
      "error_rate": 0.0
    },
    "compute_kpis": {
      "count": 1,
      "avg": 0.02999902299961832,
      "min": 0.02999902299961832,
      "max": 0.02999902299961832,
      "p95": 0.02999902299961832,
      "error_rate": 0.0
    },
    "revenue_by_customer": {
      "count": 1,
      "avg": 0.033670713999526924,
      "min": 0.033670713999526924,
      "max": 0.033670713999526924,
      "p95": 0.033670713999526924,
      "error_rate": 0.0
    },
    "monthly_revenue_by_product": {
      "count": 1,
      "avg": 0.041867269999784185,
      "min": 0.041867269999784185,
      "max": 0.041867269999784185,
      "p95": 0.041867269999784185,
      "error_rate": 0.0
    },
    "cached_run": {
      "count": 2,
      "avg": 0.09233738750026532,
      "min": 0.09095848099968862,
      "max": 0.09371629400084203,
      "p95": 0.09371629400084203,
      "error_rate": 0.0
    },
    "revenue_by_product": {
      "count": 2,
      "avg": 0.027530192499398254,
      "min": 0.01969381199887721,
      "max": 0.0353665729999193,
      "p95": 0.0353665729999193,
      "error_rate": 0.0
    },
    "generate_insights": {
      "count": 1,
      "avg": 5.328803709000567,
      "min": 5.328803709000567,
      "max": 5.328803709000567,
      "p95": 5.328803709000567,
      "error_rate": 0.0
    }
  },
  "metrics": {
    "compute_kpis": [
      0.02999902299961832
    ],
    "revenue_by_customer": [
      0.033670713999526924
    ],
    "revenue_by_product": [
      0.01969381199887721,
      0.0353665729999193
    ],
    "monthly_revenue": [
      0.046424681999269524,
      0.026451252999322605
    ],
    "detect_revenue_spikes": [
      0.05065165199994226
    ],
    "run_tool": [
      0.061769612000716734,
      0.06791395899927011
    ],
    "cached_run": [
      0.09371629400084203,
      0.09095848099968862
    ],
    "monthly_revenue_by_product": [
      0.041867269999784185
    ],
    "generate_insights": [
      5.328803709000567
    ]
  },
  "error_counts": {}
}