{
  "timestamp": "2026-03-16T11:18:16.416271",
  "stats": {
    "run_tool": {
      "count": 3,
      "avg": 0.06583716666015486,
      "min": 0.03567809995729476,
      "max": 0.10289959999499843,
      "p95": 0.10289959999499843,
      "error_rate": 0.0
    },
    "generate_insights": {
      "count": 2,
      "avg": 7.4810149499971885,
      "min": 5.97558410000056,
      "max": 8.986445799993817,
      "p95": 8.986445799993817,
      "error_rate": 0.0
    },
    "autonomous_run": {
      "count": 1,
      "avg": 7.465151899959892,
      "min": 7.465151899959892,
      "max": 7.465151899959892,
      "p95": 7.465151899959892,
      "error_rate": 0.0
    },
    "cached_run": {
      "count": 3,
      "avg": 0.07911186665296555,
      "min": 0.047634399961680174,
      "max": 0.1170319999800995,
      "p95": 0.1170319999800995,
      "error_rate": 0.0
    },
    "monthly_revenue_by_customer": {
      "count": 2,
      "avg": 0.06751834999886341,
      "min": 0.04665269999532029,
      "max": 0.08838400000240654,
      "p95": 0.08838400000240654,
      "error_rate": 0.0
    },
    "revenue_by_customer": {
      "count": 1,
      "avg": 0.01658930000849068,
      "min": 0.01658930000849068,
      "max": 0.01658930000849068,
      "p95": 0.01658930000849068,
      "error_rate": 0.0
    }
  },
  "metrics": {
    "monthly_revenue_by_customer": [
      0.08838400000240654,
      0.04665269999532029
    ],
    "run_tool": [
      0.10289959999499843,
      0.03567809995729476,
      0.05893380002817139
    ],
    "cached_run": [
      0.1170319999800995,
      0.047634399961680174,
      0.07266920001711696
    ],
    "generate_insights": [
      5.97558410000056,
      8.986445799993817
    ],
    "autonomous_run": [
      7.465151899959892
    ],
    "revenue_by_customer": [
      0.01658930000849068
    ]
  },
  "error_counts": {}
}