{
  "timestamp": "2026-03-27T14:42:46.569865",
  "stats": {
    "cached_run": {
      "count": 4,
      "avg": 0.07652907492592931,
      "min": 0.062128999968990684,
      "max": 0.09111179993487895,
      "p95": 0.09111179993487895,
      "error_rate": 0.0
    },
    "detect_revenue_spikes": {
      "count": 1,
      "avg": 0.04456790001131594,
      "min": 0.04456790001131594,
      "max": 0.04456790001131594,
      "p95": 0.04456790001131594,
      "error_rate": 0.0
    },
    "monthly_revenue": {
      "count": 2,
      "avg": 0.024238800047896802,
      "min": 0.022878499934449792,
      "max": 0.025599100161343813,
      "p95": 0.025599100161343813,
      "error_rate": 0.0
    },
    "generate_insights": {
      "count": 1,
      "avg": 11.510024500079453,
      "min": 11.510024500079453,
      "max": 11.510024500079453,
      "p95": 11.510024500079453,
      "error_rate": 0.0
    },
    "monthly_growth": {
      "count": 1,
      "avg": 0.04725199984386563,
      "min": 0.04725199984386563,
      "max": 0.04725199984386563,
      "p95": 0.04725199984386563,
      "error_rate": 0.0
    },
    "compute_kpis": {
      "count": 1,
      "avg": 0.02116299979388714,
      "min": 0.02116299979388714,
      "max": 0.02116299979388714,
      "p95": 0.02116299979388714,
      "error_rate": 0.0
    },
    "run_tool": {
      "count": 4,
      "avg": 0.05585662496741861,
      "min": 0.04246119991876185,
      "max": 0.07019330002367496,
      "p95": 0.07019330002367496,
      "error_rate": 0.0
    },
    "monthly_profit": {
      "count": 1,
      "avg": 0.023190599866211414,
      "min": 0.023190599866211414,
      "max": 0.023190599866211414,
      "p95": 0.023190599866211414,
      "error_rate": 0.0
    }
  },
  "metrics": {
    "compute_kpis": [
      0.02116299979388714
    ],
    "run_tool": [
      0.04246119991876185,
      0.07019330002367496,
      0.045882900012657046,
      0.06488909991458058
    ],
    "cached_run": [
      0.062128999968990684,
      0.09111179993487895,
      0.06601409986615181,
      0.0868613999336958
    ],
    "monthly_revenue": [
      0.025599100161343813,
      0.022878499934449792
    ],
    "monthly_growth": [
      0.04725199984386563
    ],
    "monthly_profit": [
      0.023190599866211414
    ],
    "detect_revenue_spikes": [
      0.04456790001131594
    ],
    "generate_insights": [
      11.510024500079453
    ]
  },
  "error_counts": {}
}