{
  "timestamp": "2026-03-27T19:21:52.308840",
  "stats": {
    "revenue_by_product": {
      "count": 1,
      "avg": 0.060968599980697036,
      "min": 0.060968599980697036,
      "max": 0.060968599980697036,
      "p95": 0.060968599980697036,
      "error_rate": 0.0
    },
    "run_tool": {
      "count": 2,
      "avg": 0.11562995007261634,
      "min": 0.112379000056535,
      "max": 0.11888090008869767,
      "p95": 0.11888090008869767,
      "error_rate": 0.0
    },
    "monthly_revenue_by_product": {
      "count": 1,
      "avg": 0.06424850015901029,
      "min": 0.06424850015901029,
      "max": 0.06424850015901029,
      "p95": 0.06424850015901029,
      "error_rate": 0.0
    },
    "cached_run": {
      "count": 2,
      "avg": 0.16811924998182803,
      "min": 0.16418259986676276,
      "max": 0.1720559000968933,
      "p95": 0.1720559000968933,
      "error_rate": 0.0
    },
    "generate_insights": {
      "count": 1,
      "avg": 7.572656899923459,
      "min": 7.572656899923459,
      "max": 7.572656899923459,
      "p95": 7.572656899923459,
      "error_rate": 0.0
    },
    "detect_revenue_spikes": {
      "count": 1,
      "avg": 0.08209350006654859,
      "min": 0.08209350006654859,
      "max": 0.08209350006654859,
      "p95": 0.08209350006654859,
      "error_rate": 0.0
    }
  },
  "metrics": {
    "revenue_by_product": [
      0.060968599980697036
    ],
    "run_tool": [
      0.112379000056535,
      0.11888090008869767
    ],
    "cached_run": [
      0.16418259986676276,
      0.1720559000968933
    ],
    "monthly_revenue_by_product": [
      0.06424850015901029
    ],
    "detect_revenue_spikes": [
      0.08209350006654859
    ],
    "generate_insights": [
      7.572656899923459
    ]
  },
  "error_counts": {}
}