{
  "timestamp": "2026-03-20T08:46:58.794271",
  "stats": {
    "run_tool": {
      "count": 2,
      "avg": 0.02644799998961389,
      "min": 0.01989340002182871,
      "max": 0.03300259995739907,
      "p95": 0.03300259995739907,
      "error_rate": 0.0
    },
    "generate_insights": {
      "count": 1,
      "avg": 6.847799499984831,
      "min": 6.847799499984831,
      "max": 6.847799499984831,
      "p95": 6.847799499984831,
      "error_rate": 0.0
    },
    "revenue_by_product": {
      "count": 1,
      "avg": 0.0109890999738127,
      "min": 0.0109890999738127,
      "max": 0.0109890999738127,
      "p95": 0.0109890999738127,
      "error_rate": 0.0
    },
    "cached_run": {
      "count": 2,
      "avg": 0.03570540004875511,
      "min": 0.02919200004544109,
      "max": 0.04221880005206913,
      "p95": 0.04221880005206913,
      "error_rate": 0.0
    },
    "monthly_revenue_by_customer": {
      "count": 1,
      "avg": 0.023918700055219233,
      "min": 0.023918700055219233,
      "max": 0.023918700055219233,
      "p95": 0.023918700055219233,
      "error_rate": 0.0
    }
  },
  "metrics": {
    "revenue_by_product": [
      0.0109890999738127
    ],
    "run_tool": [
      0.01989340002182871,
      0.03300259995739907
    ],
    "cached_run": [
      0.02919200004544109,
      0.04221880005206913
    ],
    "monthly_revenue_by_customer": [
      0.023918700055219233
    ],
    "generate_insights": [
      6.847799499984831
    ]
  },
  "error_counts": {}
}