{
  "timestamp": "2026-03-16T11:17:30.330204",
  "stats": {
    "monthly_revenue_by_customer": {
      "count": 1,
      "avg": 0.08838400000240654,
      "min": 0.08838400000240654,
      "max": 0.08838400000240654,
      "p95": 0.08838400000240654,
      "error_rate": 0.0
    },
    "run_tool": {
      "count": 1,
      "avg": 0.10289959999499843,
      "min": 0.10289959999499843,
      "max": 0.10289959999499843,
      "p95": 0.10289959999499843,
      "error_rate": 0.0
    },
    "generate_insights": {
      "count": 1,
      "avg": 5.97558410000056,
      "min": 5.97558410000056,
      "max": 5.97558410000056,
      "p95": 5.97558410000056,
      "error_rate": 0.0
    },
    "cached_run": {
      "count": 1,
      "avg": 0.1170319999800995,
      "min": 0.1170319999800995,
      "max": 0.1170319999800995,
      "p95": 0.1170319999800995,
      "error_rate": 0.0
    }
  },
  "metrics": {
    "monthly_revenue_by_customer": [
      0.08838400000240654
    ],
    "run_tool": [
      0.10289959999499843
    ],
    "cached_run": [
      0.1170319999800995
    ],
    "generate_insights": [
      5.97558410000056
    ]
  },
  "error_counts": {}
}