{
  "timestamp": "2026-03-27T13:13:31.136858",
  "stats": {
    "revenue_by_customer": {
      "count": 1,
      "avg": 0.03242041199973755,
      "min": 0.03242041199973755,
      "max": 0.03242041199973755,
      "p95": 0.03242041199973755,
      "error_rate": 0.0
    },
    "compute_kpis": {
      "count": 1,
      "avg": 0.034075640000082785,
      "min": 0.034075640000082785,
      "max": 0.034075640000082785,
      "p95": 0.034075640000082785,
      "error_rate": 0.0
    },
    "revenue_by_product": {
      "count": 4,
      "avg": 0.030918560500140302,
      "min": 0.024612369000351464,
      "max": 0.03802676800023619,
      "p95": 0.03802676800023619,
      "error_rate": 0.0
    },
    "monthly_revenue": {
      "count": 2,
      "avg": 0.03195488200026375,
      "min": 0.03145330000006652,
      "max": 0.03245646400046098,
      "p95": 0.03245646400046098,
      "error_rate": 0.0
    },
    "run_tool": {
      "count": 6,
      "avg": 0.06538373000012143,
      "min": 0.05786662999980763,
      "max": 0.07225024099989241,
      "p95": 0.07225024099989241,
      "error_rate": 0.0
    },
    "monthly_revenue_by_product": {
      "count": 3,
      "avg": 0.03468824800044482,
      "min": 0.03375459100061562,
      "max": 0.03520712400040793,
      "p95": 0.03520712400040793,
      "error_rate": 0.0
    },
    "autonomous_run": {
      "count": 2,
      "avg": 12.889584419999665,
      "min": 12.886416986999393,
      "max": 12.892751852999936,
      "p95": 12.892751852999936,
      "error_rate": 0.0
    },
    "generate_insights": {
      "count": 3,
      "avg": 10.436852328333165,
      "min": 7.817751896999653,
      "max": 12.305652689999988,
      "p95": 12.305652689999988,
      "error_rate": 0.0
    },
    "detect_revenue_spikes": {
      "count": 1,
      "avg": 0.05839788199955365,
      "min": 0.05839788199955365,
      "max": 0.05839788199955365,
      "p95": 0.05839788199955365,
      "error_rate": 0.0
    },
    "cached_run": {
      "count": 6,
      "avg": 0.09570197649994346,
      "min": 0.08735382899976685,
      "max": 0.10602186100004474,
      "p95": 0.10602186100004474,
      "error_rate": 0.0
    }
  },
  "metrics": {
    "compute_kpis": [
      0.034075640000082785
    ],
    "revenue_by_customer": [
      0.03242041199973755
    ],
    "revenue_by_product": [
      0.024612369000351464,
      0.031971089999387914,
      0.03802676800023619,
      0.02906401500058564
    ],
    "monthly_revenue": [
      0.03245646400046098,
      0.03145330000006652
    ],
    "detect_revenue_spikes": [
      0.05839788199955365
    ],
    "run_tool": [
      0.06285391800065554,
      0.06139286899997387,
      0.07225024099989241,
      0.07036814399998548,
      0.05786662999980763,
      0.06757057800041366
    ],
    "cached_run": [
      0.08735382899976685,
      0.08804080200025055,
      0.10602186100004474,
      0.10582133499974589,
      0.08905301499999041,
      0.09792101699986233
    ],
    "monthly_revenue_by_product": [
      0.035103029000310926,
      0.03375459100061562,
      0.03520712400040793
    ],
    "generate_insights": [
      7.817751896999653,
      11.187152397999853,
      12.305652689999988
    ],
    "autonomous_run": [
      12.892751852999936,
      12.886416986999393
    ]
  },
  "error_counts": {}
}