{
  "timestamp": "2026-03-21T18:29:41.123990",
  "stats": {
    "monthly_revenue_by_product_full": {
      "count": 1,
      "avg": 0.007400200003758073,
      "min": 0.007400200003758073,
      "max": 0.007400200003758073,
      "p95": 0.007400200003758073,
      "error_rate": 0.0
    },
    "monthly_revenue": {
      "count": 1,
      "avg": 0.01770540000870824,
      "min": 0.01770540000870824,
      "max": 0.01770540000870824,
      "p95": 0.01770540000870824,
      "error_rate": 0.0
    },
    "forecast_revenue_by_product": {
      "count": 1,
      "avg": 0.1492629999993369,
      "min": 0.1492629999993369,
      "max": 0.1492629999993369,
      "p95": 0.1492629999993369,
      "error_rate": 0.0
    },
    "forecast_revenue_with_explanation": {
      "count": 1,
      "avg": 0.06130469997879118,
      "min": 0.06130469997879118,
      "max": 0.06130469997879118,
      "p95": 0.06130469997879118,
      "error_rate": 0.0
    },
    "generate_insights": {
      "count": 1,
      "avg": 4.4653286000248045,
      "min": 4.4653286000248045,
      "max": 4.4653286000248045,
      "p95": 4.4653286000248045,
      "error_rate": 0.0
    }
  },
  "metrics": {
    "monthly_revenue_by_product_full": [
      0.007400200003758073
    ],
    "forecast_revenue_by_product": [
      0.1492629999993369
    ],
    "monthly_revenue": [
      0.01770540000870824
    ],
    "forecast_revenue_with_explanation": [
      0.06130469997879118
    ],
    "generate_insights": [
      4.4653286000248045
    ]
  },
  "error_counts": {}
}