{
  "timestamp": "2026-03-27T13:37:49.368595",
  "stats": {
    "revenue_by_customer": {
      "count": 1,
      "avg": 0.03242041199973755,
      "min": 0.03242041199973755,
      "max": 0.03242041199973755,
      "p95": 0.03242041199973755,
      "error_rate": 0.0
    },
    "compute_kpis": {
      "count": 1,
      "avg": 0.034075640000082785,
      "min": 0.034075640000082785,
      "max": 0.034075640000082785,
      "p95": 0.034075640000082785,
      "error_rate": 0.0
    },
    "revenue_by_product": {
      "count": 11,
      "avg": 0.03555436754554235,
      "min": 0.024612369000351464,
      "max": 0.046963370999947074,
      "p95": 0.046963370999947074,
      "error_rate": 0.0
    },
    "monthly_revenue": {
      "count": 3,
      "avg": 0.029450457667129133,
      "min": 0.0244416090008599,
      "max": 0.03245646400046098,
      "p95": 0.03245646400046098,
      "error_rate": 0.0
    },
    "run_tool": {
      "count": 20,
      "avg": 0.07375498125006744,
      "min": 0.053170191999015515,
      "max": 0.09190533599939954,
      "p95": 0.09190533599939954,
      "error_rate": 0.0
    },
    "monthly_revenue_by_product": {
      "count": 10,
      "avg": 0.03916680290012664,
      "min": 0.03375459100061562,
      "max": 0.048332579999623704,
      "p95": 0.048332579999623704,
      "error_rate": 0.0
    },
    "autonomous_run": {
      "count": 10,
      "avg": 15.739466987799824,
      "min": 12.886416986999393,
      "max": 18.5989442959999,
      "p95": 18.5989442959999,
      "error_rate": 0.0
    },
    "forecast_revenue_by_product": {
      "count": 1,
      "avg": 0.3259362209992105,
      "min": 0.3259362209992105,
      "max": 0.3259362209992105,
      "p95": 0.3259362209992105,
      "error_rate": 0.0
    },
    "forecast_with_confidence": {
      "count": 0,
      "avg": 0.0,
      "min": 0.0,
      "max": 0.0,
      "p95": 0.0,
      "error_rate": 1.0
    },
    "generate_insights": {
      "count": 11,
      "avg": 13.636430774454228,
      "min": 7.817751896999653,
      "max": 22.614094702999864,
      "p95": 22.614094702999864,
      "error_rate": 0.0
    },
    "forecast_revenue_with_explanation": {
      "count": 1,
      "avg": 0.10985635699944396,
      "min": 0.10985635699944396,
      "max": 0.10985635699944396,
      "p95": 0.10985635699944396,
      "error_rate": 0.0
    },
    "detect_revenue_spikes": {
      "count": 1,
      "avg": 0.05839788199955365,
      "min": 0.05839788199955365,
      "max": 0.05839788199955365,
      "p95": 0.05839788199955365,
      "error_rate": 0.0
    },
    "cached_run": {
      "count": 20,
      "avg": 0.10992196909978702,
      "min": 0.0810853560014948,
      "max": 0.13385919699976512,
      "p95": 0.13385919699976512,
      "error_rate": 0.0
    },
    "monthly_revenue_by_product_full": {
      "count": 1,
      "avg": 0.005445314000098733,
      "min": 0.005445314000098733,
      "max": 0.005445314000098733,
      "p95": 0.005445314000098733,
      "error_rate": 0.0
    }
  },
  "metrics": {
    "compute_kpis": [
      0.034075640000082785
    ],
    "revenue_by_customer": [
      0.03242041199973755
    ],
    "revenue_by_product": [
      0.024612369000351464,
      0.031971089999387914,
      0.03802676800023619,
      0.02906401500058564,
      0.02922204199967382,
      0.046963370999947074,
      0.043425941999885254,
      0.02728323500014085,
      0.04445665999992343,
      0.03752527899996494,
      0.03854727200086927
    ],
    "monthly_revenue": [
      0.03245646400046098,
      0.03145330000006652,
      0.0244416090008599
    ],
    "detect_revenue_spikes": [
      0.05839788199955365
    ],
    "run_tool": [
      0.06285391800065554,
      0.06139286899997387,
      0.07225024099989241,
      0.07036814399998548,
      0.05786662999980763,
      0.06757057800041366,
      0.053170191999015515,
      0.07548638200023561,
      0.08928386600018712,
      0.09079742500034627,
      0.09190533599939954,
      0.0820632070008287,
      0.055328430000372464,
      0.07452802000079828,
      0.08380228399983025,
      0.08662741700027254,
      0.07868160699945292,
      0.0779401500003587,
      0.07784560799882456,
      0.06533732100069756
    ],
    "cached_run": [
      0.08735382899976685,
      0.08804080200025055,
      0.10602186100004474,
      0.10582133499974589,
      0.08905301499999041,
      0.09792101699986233,
      0.08439298899975256,
      0.11240410999926098,
      0.1335788609994779,
      0.1286741029998666,
      0.13385919699976512,
      0.12184871499994188,
      0.0810853560014948,
      0.11308245099826308,
      0.13237636600024416,
      0.1281510890003119,
      0.11055017099897668,
      0.11287520699988818,
      0.1270853519999946,
      0.10426355599884118
    ],
    "monthly_revenue_by_product": [
      0.035103029000310926,
      0.03375459100061562,
      0.03520712400040793,
      0.04005480200066813,
      0.048332579999623704,
      0.04228448399953777,
      0.03509707999910461,
      0.045648541001355625,
      0.04105212399917946,
      0.035133674000462634
    ],
    "generate_insights": [
      7.817751896999653,
      11.187152397999853,
      12.305652689999988,
      12.885047262998341,
      11.579203296998458,
      10.571080787000028,
      14.112543010000081,
      13.883224454999436,
      16.57316019300015,
      16.471827826000663,
      22.614094702999864
    ],
    "autonomous_run": [
      12.892751852999936,
      12.886416986999393,
      14.050370105000184,
      15.181001017999733,
      13.945322939998732,
      15.427532249999786,
      18.5989442959999,
      18.037818479000634,
      18.277834385999085,
      18.096677564000856
    ],
    "monthly_revenue_by_product_full": [
      0.005445314000098733
    ],
    "forecast_revenue_by_product": [
      0.3259362209992105
    ],
    "forecast_revenue_with_explanation": [
      0.10985635699944396
    ]
  },
  "error_counts": {
    "forecast_with_confidence": 1
  }
}