{
  "timestamp": "2026-03-21T18:27:27.892898",
  "stats": {
    "cached_run": {
      "count": 0,
      "avg": 0.0,
      "min": 0.0,
      "max": 0.0,
      "p95": 0.0,
      "error_rate": 1.0
    },
    "monthly_revenue": {
      "count": 1,
      "avg": 0.022582999896258116,
      "min": 0.022582999896258116,
      "max": 0.022582999896258116,
      "p95": 0.022582999896258116,
      "error_rate": 0.0
    },
    "run_tool": {
      "count": 0,
      "avg": 0.0,
      "min": 0.0,
      "max": 0.0,
      "p95": 0.0,
      "error_rate": 1.0
    },
    "generate_insights": {
      "count": 1,
      "avg": 4.588024300057441,
      "min": 4.588024300057441,
      "max": 4.588024300057441,
      "p95": 4.588024300057441,
      "error_rate": 0.0
    },
    "forecast_revenue_with_explanation": {
      "count": 1,
      "avg": 0.07526980002876371,
      "min": 0.07526980002876371,
      "max": 0.07526980002876371,
      "p95": 0.07526980002876371,
      "error_rate": 0.0
    }
  },
  "metrics": {
    "monthly_revenue": [
      0.022582999896258116
    ],
    "forecast_revenue_with_explanation": [
      0.07526980002876371
    ],
    "generate_insights": [
      4.588024300057441
    ]
  },
  "error_counts": {
    "run_tool": 1,
    "cached_run": 1
  }
}