{
  "timestamp": "2026-03-27T16:30:39.304243",
  "stats": {
    "cached_run": {
      "count": 2,
      "avg": 0.12471309991087765,
      "min": 0.1127627999521792,
      "max": 0.1366633998695761,
      "p95": 0.1366633998695761,
      "error_rate": 0.0
    },
    "revenue_by_product": {
      "count": 1,
      "avg": 0.04196509998291731,
      "min": 0.04196509998291731,
      "max": 0.04196509998291731,
      "p95": 0.04196509998291731,
      "error_rate": 0.0
    },
    "detect_revenue_spikes": {
      "count": 1,
      "avg": 0.06036799983121455,
      "min": 0.06036799983121455,
      "max": 0.06036799983121455,
      "p95": 0.06036799983121455,
      "error_rate": 0.0
    },
    "monthly_revenue_by_product": {
      "count": 1,
      "avg": 0.058235100004822016,
      "min": 0.058235100004822016,
      "max": 0.058235100004822016,
      "p95": 0.058235100004822016,
      "error_rate": 0.0
    },
    "generate_insights": {
      "count": 1,
      "avg": 9.069580899784341,
      "min": 9.069580899784341,
      "max": 9.069580899784341,
      "p95": 9.069580899784341,
      "error_rate": 0.0
    },
    "run_tool": {
      "count": 2,
      "avg": 0.084025299991481,
      "min": 0.07175120012834668,
      "max": 0.09629939985461533,
      "p95": 0.09629939985461533,
      "error_rate": 0.0
    }
  },
  "metrics": {
    "revenue_by_product": [
      0.04196509998291731
    ],
    "run_tool": [
      0.07175120012834668,
      0.09629939985461533
    ],
    "cached_run": [
      0.1127627999521792,
      0.1366633998695761
    ],
    "monthly_revenue_by_product": [
      0.058235100004822016
    ],
    "detect_revenue_spikes": [
      0.06036799983121455
    ],
    "generate_insights": [
      9.069580899784341
    ]
  },
  "error_counts": {}
}