{
  "timestamp": "2026-03-26T13:35:29.602751",
  "stats": {
    "cached_run": {
      "count": 2,
      "avg": 0.07199219800008905,
      "min": 0.06809358800001064,
      "max": 0.07589080800016745,
      "p95": 0.07589080800016745,
      "error_rate": 0.0
    },
    "generate_insights": {
      "count": 1,
      "avg": 16.74702708299992,
      "min": 16.74702708299992,
      "max": 16.74702708299992,
      "p95": 16.74702708299992,
      "error_rate": 0.0
    },
    "revenue_by_product": {
      "count": 1,
      "avg": 0.030314310999983718,
      "min": 0.030314310999983718,
      "max": 0.030314310999983718,
      "p95": 0.030314310999983718,
      "error_rate": 0.0
    },
    "run_tool": {
      "count": 2,
      "avg": 0.051879533500141406,
      "min": 0.04908361800016792,
      "max": 0.054675449000114895,
      "p95": 0.054675449000114895,
      "error_rate": 0.0
    },
    "monthly_revenue_by_product": {
      "count": 1,
      "avg": 0.032964129999982106,
      "min": 0.032964129999982106,
      "max": 0.032964129999982106,
      "p95": 0.032964129999982106,
      "error_rate": 0.0
    }
  },
  "metrics": {
    "revenue_by_product": [
      0.030314310999983718
    ],
    "run_tool": [
      0.04908361800016792,
      0.054675449000114895
    ],
    "cached_run": [
      0.06809358800001064,
      0.07589080800016745
    ],
    "monthly_revenue_by_product": [
      0.032964129999982106
    ],
    "generate_insights": [
      16.74702708299992
    ]
  },
  "error_counts": {}
}