{
  "timestamp": "2026-03-13T12:59:50.200874",
  "stats": {
    "generate_insights": {
      "count": 1,
      "avg": 5.024761600012425,
      "min": 5.024761600012425,
      "max": 5.024761600012425,
      "p95": 5.024761600012425,
      "error_rate": 0.0
    },
    "run_tool": {
      "count": 2,
      "avg": 0.03440910000063013,
      "min": 0.03227130000595935,
      "max": 0.03654689999530092,
      "p95": 0.03654689999530092,
      "error_rate": 0.0
    },
    "revenue_by_product": {
      "count": 1,
      "avg": 0.01659539999673143,
      "min": 0.01659539999673143,
      "max": 0.01659539999673143,
      "p95": 0.01659539999673143,
      "error_rate": 0.0
    },
    "cached_run": {
      "count": 2,
      "avg": 0.048540249990765005,
      "min": 0.0466457000002265,
      "max": 0.05043479998130351,
      "p95": 0.05043479998130351,
      "error_rate": 0.0
    },
    "monthly_revenue_by_customer": {
      "count": 1,
      "avg": 0.021555600018473342,
      "min": 0.021555600018473342,
      "max": 0.021555600018473342,
      "p95": 0.021555600018473342,
      "error_rate": 0.0
    }
  },
  "metrics": {
    "revenue_by_product": [
      0.01659539999673143
    ],
    "run_tool": [
      0.03227130000595935,
      0.03654689999530092
    ],
    "cached_run": [
      0.0466457000002265,
      0.05043479998130351
    ],
    "monthly_revenue_by_customer": [
      0.021555600018473342
    ],
    "generate_insights": [
      5.024761600012425
    ]
  },
  "error_counts": {}
}