{
  "timestamp": "2026-03-27T19:26:06.580582",
  "stats": {
    "run_tool": {
      "count": 3,
      "avg": 0.2049768716666828,
      "min": 0.12209802500001388,
      "max": 0.3058621279997169,
      "p95": 0.3058621279997169,
      "error_rate": 0.0
    },
    "monthly_revenue": {
      "count": 2,
      "avg": 0.08448448400304187,
      "min": 0.05603139900267706,
      "max": 0.11293756900340668,
      "p95": 0.11293756900340668,
      "error_rate": 0.0
    },
    "detect_revenue_spikes": {
      "count": 1,
      "avg": 0.12068469199948595,
      "min": 0.12068469199948595,
      "max": 0.12068469199948595,
      "p95": 0.12068469199948595,
      "error_rate": 0.0
    },
    "revenue_by_product": {
      "count": 1,
      "avg": 0.09026342700235546,
      "min": 0.09026342700235546,
      "max": 0.09026342700235546,
      "p95": 0.09026342700235546,
      "error_rate": 0.0
    },
    "forecast_revenue_with_explanation": {
      "count": 1,
      "avg": 0.1296908619988244,
      "min": 0.1296908619988244,
      "max": 0.1296908619988244,
      "p95": 0.1296908619988244,
      "error_rate": 0.0
    },
    "monthly_revenue_by_product_full": {
      "count": 1,
      "avg": 0.015094215999852167,
      "min": 0.015094215999852167,
      "max": 0.015094215999852167,
      "p95": 0.015094215999852167,
      "error_rate": 0.0
    },
    "forecast_revenue_by_product": {
      "count": 1,
      "avg": 0.3097051149998151,
      "min": 0.3097051149998151,
      "max": 0.3097051149998151,
      "p95": 0.3097051149998151,
      "error_rate": 0.0
    },
    "monthly_growth": {
      "count": 1,
      "avg": 0.1809939900012978,
      "min": 0.1809939900012978,
      "max": 0.1809939900012978,
      "p95": 0.1809939900012978,
      "error_rate": 0.0
    },
    "generate_insights": {
      "count": 1,
      "avg": 11.70921492299749,
      "min": 11.70921492299749,
      "max": 11.70921492299749,
      "p95": 11.70921492299749,
      "error_rate": 0.0
    },
    "cached_run": {
      "count": 3,
      "avg": 0.29747097466679406,
      "min": 0.2076709419998224,
      "max": 0.39726576000248315,
      "p95": 0.39726576000248315,
      "error_rate": 0.0
    },
    "monthly_revenue_by_product": {
      "count": 1,
      "avg": 0.06800662200112129,
      "min": 0.06800662200112129,
      "max": 0.06800662200112129,
      "p95": 0.06800662200112129,
      "error_rate": 0.0
    }
  },
  "metrics": {
    "monthly_revenue_by_product_full": [
      0.015094215999852167
    ],
    "forecast_revenue_by_product": [
      0.3097051149998151
    ],
    "monthly_revenue": [
      0.05603139900267706,
      0.11293756900340668
    ],
    "forecast_revenue_with_explanation": [
      0.1296908619988244
    ],
    "monthly_revenue_by_product": [
      0.06800662200112129
    ],
    "run_tool": [
      0.12209802500001388,
      0.3058621279997169,
      0.18697046200031764
    ],
    "cached_run": [
      0.2076709419998224,
      0.39726576000248315,
      0.28747622199807665
    ],
    "monthly_growth": [
      0.1809939900012978
    ],
    "revenue_by_product": [
      0.09026342700235546
    ],
    "detect_revenue_spikes": [
      0.12068469199948595
    ],
    "generate_insights": [
      11.70921492299749
    ]
  },
  "error_counts": {}
}