{
  "timestamp": "2026-03-29T15:19:02.223880",
  "stats": {
    "monthly_revenue": {
      "count": 2,
      "avg": 0.04099859699999797,
      "min": 0.038960492000114755,
      "max": 0.04303670199988119,
      "p95": 0.04303670199988119,
      "error_rate": 0.0
    },
    "run_tool": {
      "count": 1,
      "avg": 0.05487639999955718,
      "min": 0.05487639999955718,
      "max": 0.05487639999955718,
      "p95": 0.05487639999955718,
      "error_rate": 0.0
    },
    "monthly_revenue_by_product": {
      "count": 1,
      "avg": 0.03783800299970608,
      "min": 0.03783800299970608,
      "max": 0.03783800299970608,
      "p95": 0.03783800299970608,
      "error_rate": 0.0
    },
    "detect_revenue_spikes": {
      "count": 2,
      "avg": 0.06191805500020564,
      "min": 0.05134605300008843,
      "max": 0.07249005700032285,
      "p95": 0.07249005700032285,
      "error_rate": 0.0
    },
    "cached_run": {
      "count": 1,
      "avg": 0.08047482599977229,
      "min": 0.08047482599977229,
      "max": 0.08047482599977229,
      "p95": 0.08047482599977229,
      "error_rate": 0.0
    },
    "compute_kpis": {
      "count": 1,
      "avg": 0.044876936000946444,
      "min": 0.044876936000946444,
      "max": 0.044876936000946444,
      "p95": 0.044876936000946444,
      "error_rate": 0.0
    },
    "generate_insights": {
      "count": 1,
      "avg": 8.589231914000266,
      "min": 8.589231914000266,
      "max": 8.589231914000266,
      "p95": 8.589231914000266,
      "error_rate": 0.0
    },
    "revenue_by_customer": {
      "count": 1,
      "avg": 0.049446015000285115,
      "min": 0.049446015000285115,
      "max": 0.049446015000285115,
      "p95": 0.049446015000285115,
      "error_rate": 0.0
    },
    "revenue_by_product": {
      "count": 2,
      "avg": 0.030424434499764175,
      "min": 0.027782185999967624,
      "max": 0.033066682999560726,
      "p95": 0.033066682999560726,
      "error_rate": 0.0
    }
  },
  "metrics": {
    "compute_kpis": [
      0.044876936000946444
    ],
    "revenue_by_customer": [
      0.049446015000285115
    ],
    "revenue_by_product": [
      0.033066682999560726,
      0.027782185999967624
    ],
    "monthly_revenue": [
      0.04303670199988119,
      0.038960492000114755
    ],
    "detect_revenue_spikes": [
      0.07249005700032285,
      0.05134605300008843
    ],
    "run_tool": [
      0.05487639999955718
    ],
    "cached_run": [
      0.08047482599977229
    ],
    "monthly_revenue_by_product": [
      0.03783800299970608
    ],
    "generate_insights": [
      8.589231914000266
    ]
  },
  "error_counts": {}
}