{
  "timestamp": "2026-03-27T14:40:45.123466",
  "stats": {
    "monthly_revenue": {
      "count": 2,
      "avg": 0.03453459998127073,
      "min": 0.02487470000050962,
      "max": 0.04419449996203184,
      "p95": 0.04419449996203184,
      "error_rate": 0.0
    },
    "cached_run": {
      "count": 4,
      "avg": 0.07938189996639267,
      "min": 0.06218600017018616,
      "max": 0.10574989998713136,
      "p95": 0.10574989998713136,
      "error_rate": 0.0
    },
    "compute_kpis": {
      "count": 1,
      "avg": 0.02130460017360747,
      "min": 0.02130460017360747,
      "max": 0.02130460017360747,
      "p95": 0.02130460017360747,
      "error_rate": 0.0
    },
    "generate_insights": {
      "count": 1,
      "avg": 7.0858535000588745,
      "min": 7.0858535000588745,
      "max": 7.0858535000588745,
      "p95": 7.0858535000588745,
      "error_rate": 0.0
    },
    "run_tool": {
      "count": 4,
      "avg": 0.05900847498560324,
      "min": 0.04137079999782145,
      "max": 0.08546179998666048,
      "p95": 0.08546179998666048,
      "error_rate": 0.0
    },
    "monthly_profit": {
      "count": 1,
      "avg": 0.02359579992480576,
      "min": 0.02359579992480576,
      "max": 0.02359579992480576,
      "p95": 0.02359579992480576,
      "error_rate": 0.0
    },
    "monthly_growth": {
      "count": 1,
      "avg": 0.06535280006937683,
      "min": 0.06535280006937683,
      "max": 0.06535280006937683,
      "p95": 0.06535280006937683,
      "error_rate": 0.0
    },
    "detect_revenue_spikes": {
      "count": 1,
      "avg": 0.046174699906259775,
      "min": 0.046174699906259775,
      "max": 0.046174699906259775,
      "p95": 0.046174699906259775,
      "error_rate": 0.0
    }
  },
  "metrics": {
    "compute_kpis": [
      0.02130460017360747
    ],
    "run_tool": [
      0.04137079999782145,
      0.08546179998666048,
      0.04280250007286668,
      0.06639879988506436
    ],
    "cached_run": [
      0.06218600017018616,
      0.10574989998713136,
      0.06330439983867109,
      0.08628729986958206
    ],
    "monthly_revenue": [
      0.04419449996203184,
      0.02487470000050962
    ],
    "monthly_growth": [
      0.06535280006937683
    ],
    "monthly_profit": [
      0.02359579992480576
    ],
    "detect_revenue_spikes": [
      0.046174699906259775
    ],
    "generate_insights": [
      7.0858535000588745
    ]
  },
  "error_counts": {}
}