{
  "timestamp": "2026-03-20T09:55:47.473172",
  "stats": {
    "run_tool": {
      "count": 2,
      "avg": 0.04246999998576939,
      "min": 0.02443879994098097,
      "max": 0.06050120003055781,
      "p95": 0.06050120003055781,
      "error_rate": 0.0
    },
    "generate_insights": {
      "count": 1,
      "avg": 5.780675600050017,
      "min": 5.780675600050017,
      "max": 5.780675600050017,
      "p95": 5.780675600050017,
      "error_rate": 0.0
    },
    "compute_kpis": {
      "count": 1,
      "avg": 0.012071599951013923,
      "min": 0.012071599951013923,
      "max": 0.012071599951013923,
      "p95": 0.012071599951013923,
      "error_rate": 0.0
    },
    "cached_run": {
      "count": 2,
      "avg": 0.05483164999168366,
      "min": 0.03614270000252873,
      "max": 0.0735205999808386,
      "p95": 0.0735205999808386,
      "error_rate": 0.0
    },
    "monthly_revenue": {
      "count": 1,
      "avg": 0.03422459994908422,
      "min": 0.03422459994908422,
      "max": 0.03422459994908422,
      "p95": 0.03422459994908422,
      "error_rate": 0.0
    },
    "monthly_growth": {
      "count": 1,
      "avg": 0.04831209999974817,
      "min": 0.04831209999974817,
      "max": 0.04831209999974817,
      "p95": 0.04831209999974817,
      "error_rate": 0.0
    }
  },
  "metrics": {
    "compute_kpis": [
      0.012071599951013923
    ],
    "run_tool": [
      0.02443879994098097,
      0.06050120003055781
    ],
    "cached_run": [
      0.03614270000252873,
      0.0735205999808386
    ],
    "monthly_revenue": [
      0.03422459994908422
    ],
    "monthly_growth": [
      0.04831209999974817
    ],
    "generate_insights": [
      5.780675600050017
    ]
  },
  "error_counts": {}
}