{
  "timestamp": "2026-03-27T11:10:32.567070",
  "stats": {
    "detect_revenue_spikes": {
      "count": 1,
      "avg": 0.018794500036165118,
      "min": 0.018794500036165118,
      "max": 0.018794500036165118,
      "p95": 0.018794500036165118,
      "error_rate": 0.0
    },
    "run_tool": {
      "count": 4,
      "avg": 0.02474129997426644,
      "min": 0.012770099798217416,
      "max": 0.042232600040733814,
      "p95": 0.042232600040733814,
      "error_rate": 0.0
    },
    "monthly_growth": {
      "count": 1,
      "avg": 0.035262399818748236,
      "min": 0.035262399818748236,
      "max": 0.035262399818748236,
      "p95": 0.035262399818748236,
      "error_rate": 0.0
    },
    "monthly_revenue": {
      "count": 2,
      "avg": 0.019462149939499795,
      "min": 0.011239700019359589,
      "max": 0.027684599859640002,
      "p95": 0.027684599859640002,
      "error_rate": 0.0
    },
    "compute_kpis": {
      "count": 1,
      "avg": 0.006129599874839187,
      "min": 0.006129599874839187,
      "max": 0.006129599874839187,
      "p95": 0.006129599874839187,
      "error_rate": 0.0
    },
    "generate_insights": {
      "count": 1,
      "avg": 13.338064499897882,
      "min": 13.338064499897882,
      "max": 13.338064499897882,
      "p95": 13.338064499897882,
      "error_rate": 0.0
    },
    "monthly_profit": {
      "count": 1,
      "avg": 0.011447599856182933,
      "min": 0.011447599856182933,
      "max": 0.011447599856182933,
      "p95": 0.011447599856182933,
      "error_rate": 0.0
    },
    "cached_run": {
      "count": 4,
      "avg": 0.03107164998073131,
      "min": 0.018962000031024218,
      "max": 0.04916949989274144,
      "p95": 0.04916949989274144,
      "error_rate": 0.0
    }
  },
  "metrics": {
    "compute_kpis": [
      0.006129599874839187
    ],
    "run_tool": [
      0.012770099798217416,
      0.042232600040733814,
      0.01856610015965998,
      0.025396399898454547
    ],
    "cached_run": [
      0.018962000031024218,
      0.04916949989274144,
      0.024326400132849813,
      0.03182869986630976
    ],
    "monthly_revenue": [
      0.027684599859640002,
      0.011239700019359589
    ],
    "monthly_growth": [
      0.035262399818748236
    ],
    "monthly_profit": [
      0.011447599856182933
    ],
    "detect_revenue_spikes": [
      0.018794500036165118
    ],
    "generate_insights": [
      13.338064499897882
    ]
  },
  "error_counts": {}
}