{
  "timestamp": "2026-03-21T18:25:23.010375",
  "stats": {
    "monthly_revenue_by_product_full": {
      "count": 1,
      "avg": 0.007126400014385581,
      "min": 0.007126400014385581,
      "max": 0.007126400014385581,
      "p95": 0.007126400014385581,
      "error_rate": 0.0
    },
    "generate_insights": {
      "count": 1,
      "avg": 4.149517699959688,
      "min": 4.149517699959688,
      "max": 4.149517699959688,
      "p95": 4.149517699959688,
      "error_rate": 0.0
    },
    "forecast_revenue_with_explanation": {
      "count": 0,
      "avg": 0.0,
      "min": 0.0,
      "max": 0.0,
      "p95": 0.0,
      "error_rate": 1.0
    },
    "forecast_revenue_by_product": {
      "count": 1,
      "avg": 0.1534335999749601,
      "min": 0.1534335999749601,
      "max": 0.1534335999749601,
      "p95": 0.1534335999749601,
      "error_rate": 0.0
    }
  },
  "metrics": {
    "monthly_revenue_by_product_full": [
      0.007126400014385581
    ],
    "forecast_revenue_by_product": [
      0.1534335999749601
    ],
    "generate_insights": [
      4.149517699959688
    ]
  },
  "error_counts": {
    "forecast_revenue_with_explanation": 1
  }
}