{
  "timestamp": "2026-03-19T09:16:35.715564",
  "stats": {
    "generate_insights": {
      "count": 1,
      "avg": 6.65056639991235,
      "min": 6.65056639991235,
      "max": 6.65056639991235,
      "p95": 6.65056639991235,
      "error_rate": 0.0
    },
    "cached_run": {
      "count": 1,
      "avg": 0.060392299899831414,
      "min": 0.060392299899831414,
      "max": 0.060392299899831414,
      "p95": 0.060392299899831414,
      "error_rate": 0.0
    },
    "monthly_revenue": {
      "count": 4,
      "avg": 0.020134725025855005,
      "min": 0.01881919999141246,
      "max": 0.021037800004705787,
      "p95": 0.021037800004705787,
      "error_rate": 0.0
    },
    "run_tool": {
      "count": 1,
      "avg": 0.044853099971078336,
      "min": 0.044853099971078336,
      "max": 0.044853099971078336,
      "p95": 0.044853099971078336,
      "error_rate": 0.0
    },
    "revenue_by_customer": {
      "count": 2,
      "avg": 0.02082109998445958,
      "min": 0.020725400070659816,
      "max": 0.02091679989825934,
      "p95": 0.02091679989825934,
      "error_rate": 0.0
    },
    "detect_revenue_spikes": {
      "count": 2,
      "avg": 0.03499980008928105,
      "min": 0.03422680008225143,
      "max": 0.035772800096310675,
      "p95": 0.035772800096310675,
      "error_rate": 0.0
    },
    "compute_kpis": {
      "count": 2,
      "avg": 0.01897340000141412,
      "min": 0.017735400004312396,
      "max": 0.020211399998515844,
      "p95": 0.020211399998515844,
      "error_rate": 0.0
    },
    "revenue_by_product": {
      "count": 3,
      "avg": 0.018994066670226555,
      "min": 0.016287700040265918,
      "max": 0.023630399955436587,
      "p95": 0.023630399955436587,
      "error_rate": 0.0
    }
  },
  "metrics": {
    "compute_kpis": [
      0.020211399998515844,
      0.017735400004312396
    ],
    "revenue_by_customer": [
      0.020725400070659816,
      0.02091679989825934
    ],
    "revenue_by_product": [
      0.017064100014977157,
      0.016287700040265918,
      0.023630399955436587
    ],
    "monthly_revenue": [
      0.021037800004705787,
      0.01881919999141246,
      0.020358500070869923,
      0.02032340003643185
    ],
    "detect_revenue_spikes": [
      0.03422680008225143,
      0.035772800096310675
    ],
    "run_tool": [
      0.044853099971078336
    ],
    "cached_run": [
      0.060392299899831414
    ],
    "generate_insights": [
      6.65056639991235
    ]
  },
  "error_counts": {}
}