{
  "timestamp": "2026-03-16T11:52:11.957611",
  "stats": {
    "run_tool": {
      "count": 2,
      "avg": 0.056422549969283864,
      "min": 0.03869809996103868,
      "max": 0.07414699997752905,
      "p95": 0.07414699997752905,
      "error_rate": 0.0
    },
    "revenue_by_customer": {
      "count": 1,
      "avg": 0.019978599972091615,
      "min": 0.019978599972091615,
      "max": 0.019978599972091615,
      "p95": 0.019978599972091615,
      "error_rate": 0.0
    },
    "generate_insights": {
      "count": 1,
      "avg": 5.690324699971825,
      "min": 5.690324699971825,
      "max": 5.690324699971825,
      "p95": 5.690324699971825,
      "error_rate": 0.0
    },
    "monthly_revenue_by_customer": {
      "count": 1,
      "avg": 0.05678980000084266,
      "min": 0.05678980000084266,
      "max": 0.05678980000084266,
      "p95": 0.05678980000084266,
      "error_rate": 0.0
    },
    "cached_run": {
      "count": 2,
      "avg": 0.07539930002531037,
      "min": 0.05598560004727915,
      "max": 0.09481300000334159,
      "p95": 0.09481300000334159,
      "error_rate": 0.0
    }
  },
  "metrics": {
    "revenue_by_customer": [
      0.019978599972091615
    ],
    "run_tool": [
      0.03869809996103868,
      0.07414699997752905
    ],
    "cached_run": [
      0.05598560004727915,
      0.09481300000334159
    ],
    "monthly_revenue_by_customer": [
      0.05678980000084266
    ],
    "generate_insights": [
      5.690324699971825
    ]
  },
  "error_counts": {}
}