{
  "timestamp": "2026-03-27T18:41:39.772966",
  "stats": {
    "detect_revenue_spikes": {
      "count": 2,
      "avg": 0.15703851750004105,
      "min": 0.12293622300057905,
      "max": 0.19114081199950306,
      "p95": 0.19114081199950306,
      "error_rate": 0.0
    },
    "forecast_revenue_by_product": {
      "count": 1,
      "avg": 0.10192636900319485,
      "min": 0.10192636900319485,
      "max": 0.10192636900319485,
      "p95": 0.10192636900319485,
      "error_rate": 0.0
    },
    "compute_kpis": {
      "count": 1,
      "avg": 0.09262581799703185,
      "min": 0.09262581799703185,
      "max": 0.09262581799703185,
      "p95": 0.09262581799703185,
      "error_rate": 0.0
    },
    "cached_run": {
      "count": 3,
      "avg": 0.3162961003339054,
      "min": 0.27534284200010006,
      "max": 0.37286682600097265,
      "p95": 0.37286682600097265,
      "error_rate": 0.0
    },
    "revenue_by_product": {
      "count": 2,
      "avg": 0.1002914784985478,
      "min": 0.09851268099737354,
      "max": 0.10207027599972207,
      "p95": 0.10207027599972207,
      "error_rate": 0.0
    },
    "monthly_revenue_by_product": {
      "count": 1,
      "avg": 0.10434553199957008,
      "min": 0.10434553199957008,
      "max": 0.10434553199957008,
      "p95": 0.10434553199957008,
      "error_rate": 0.0
    },
    "monthly_revenue": {
      "count": 4,
      "avg": 0.09847251449991745,
      "min": 0.09180913999807672,
      "max": 0.1024303369995323,
      "p95": 0.1024303369995323,
      "error_rate": 0.0
    },
    "monthly_revenue_by_product_full": {
      "count": 1,
      "avg": 0.006325940001261188,
      "min": 0.006325940001261188,
      "max": 0.006325940001261188,
      "p95": 0.006325940001261188,
      "error_rate": 0.0
    },
    "generate_insights": {
      "count": 1,
      "avg": 10.508510857998772,
      "min": 10.508510857998772,
      "max": 10.508510857998772,
      "p95": 10.508510857998772,
      "error_rate": 0.0
    },
    "revenue_by_customer": {
      "count": 1,
      "avg": 0.1004900740008452,
      "min": 0.1004900740008452,
      "max": 0.1004900740008452,
      "p95": 0.1004900740008452,
      "error_rate": 0.0
    },
    "run_tool": {
      "count": 3,
      "avg": 0.2168710573326583,
      "min": 0.1833845069995732,
      "max": 0.2764673159981612,
      "p95": 0.2764673159981612,
      "error_rate": 0.0
    },
    "forecast_revenue_with_explanation": {
      "count": 1,
      "avg": 0.09410465499968268,
      "min": 0.09410465499968268,
      "max": 0.09410465499968268,
      "p95": 0.09410465499968268,
      "error_rate": 0.0
    },
    "monthly_growth": {
      "count": 1,
      "avg": 0.19323795700256596,
      "min": 0.19323795700256596,
      "max": 0.19323795700256596,
      "p95": 0.19323795700256596,
      "error_rate": 0.0
    }
  },
  "metrics": {
    "compute_kpis": [
      0.09262581799703185
    ],
    "revenue_by_customer": [
      0.1004900740008452
    ],
    "revenue_by_product": [
      0.09851268099737354,
      0.10207027599972207
    ],
    "monthly_revenue": [
      0.09941158900255687,
      0.1024303369995323,
      0.09180913999807672,
      0.10023899199950392
    ],
    "detect_revenue_spikes": [
      0.19114081199950306,
      0.12293622300057905
    ],
    "monthly_revenue_by_product_full": [
      0.006325940001261188
    ],
    "forecast_revenue_by_product": [
      0.10192636900319485
    ],
    "forecast_revenue_with_explanation": [
      0.09410465499968268
    ],
    "monthly_revenue_by_product": [
      0.10434553199957008
    ],
    "run_tool": [
      0.1833845069995732,
      0.2764673159981612,
      0.19076134900024044
    ],
    "cached_run": [
      0.27534284200010006,
      0.37286682600097265,
      0.30067863300064346
    ],
    "monthly_growth": [
      0.19323795700256596
    ],
    "generate_insights": [
      10.508510857998772
    ]
  },
  "error_counts": {}
}