{
  "timestamp": "2026-03-16T11:21:03.577100",
  "stats": {
    "generate_insights": {
      "count": 1,
      "avg": 5.804132000019308,
      "min": 5.804132000019308,
      "max": 5.804132000019308,
      "p95": 5.804132000019308,
      "error_rate": 0.0
    },
    "revenue_by_product": {
      "count": 1,
      "avg": 0.01785309996921569,
      "min": 0.01785309996921569,
      "max": 0.01785309996921569,
      "p95": 0.01785309996921569,
      "error_rate": 0.0
    },
    "cached_run": {
      "count": 1,
      "avg": 0.05021570000099018,
      "min": 0.05021570000099018,
      "max": 0.05021570000099018,
      "p95": 0.05021570000099018,
      "error_rate": 0.0
    },
    "run_tool": {
      "count": 1,
      "avg": 0.033710399991832674,
      "min": 0.033710399991832674,
      "max": 0.033710399991832674,
      "p95": 0.033710399991832674,
      "error_rate": 0.0
    }
  },
  "metrics": {
    "revenue_by_product": [
      0.01785309996921569
    ],
    "run_tool": [
      0.033710399991832674
    ],
    "cached_run": [
      0.05021570000099018
    ],
    "generate_insights": [
      5.804132000019308
    ]
  },
  "error_counts": {}
}