{
  "timestamp": "2026-03-19T08:52:29.925567",
  "stats": {
    "revenue_by_product": {
      "count": 6,
      "avg": 0.01966528332559392,
      "min": 0.014137099962681532,
      "max": 0.028176699997857213,
      "p95": 0.028176699997857213,
      "error_rate": 0.0
    },
    "compute_kpis": {
      "count": 1,
      "avg": 0.015107600018382072,
      "min": 0.015107600018382072,
      "max": 0.015107600018382072,
      "p95": 0.015107600018382072,
      "error_rate": 0.0
    },
    "generate_insights": {
      "count": 7,
      "avg": 7.732028542818235,
      "min": 4.676958399941213,
      "max": 15.391811699955724,
      "p95": 15.391811699955724,
      "error_rate": 0.0
    },
    "run_tool": {
      "count": 8,
      "avg": 0.051041687533142976,
      "min": 0.027177500072866678,
      "max": 0.10129320004489273,
      "p95": 0.10129320004489273,
      "error_rate": 0.0
    },
    "revenue_by_customer": {
      "count": 1,
      "avg": 0.01889380009379238,
      "min": 0.01889380009379238,
      "max": 0.01889380009379238,
      "p95": 0.01889380009379238,
      "error_rate": 0.0
    },
    "cached_run": {
      "count": 8,
      "avg": 0.06378746248083189,
      "min": 0.038913499913178384,
      "max": 0.12351840001065284,
      "p95": 0.12351840001065284,
      "error_rate": 0.0
    },
    "monthly_revenue_by_customer": {
      "count": 3,
      "avg": 0.06856936662613104,
      "min": 0.02626900002360344,
      "max": 0.09170489991083741,
      "p95": 0.09170489991083741,
      "error_rate": 0.0
    },
    "autonomous_run": {
      "count": 6,
      "avg": 9.39808994999233,
      "min": 6.810643600067124,
      "max": 17.38573459989857,
      "p95": 17.38573459989857,
      "error_rate": 0.0
    },
    "detect_revenue_spikes": {
      "count": 1,
      "avg": 0.029040199937298894,
      "min": 0.029040199937298894,
      "max": 0.029040199937298894,
      "p95": 0.029040199937298894,
      "error_rate": 0.0
    },
    "monthly_revenue": {
      "count": 2,
      "avg": 0.035546950064599514,
      "min": 0.01805190008599311,
      "max": 0.05304200004320592,
      "p95": 0.05304200004320592,
      "error_rate": 0.0
    }
  },
  "metrics": {
    "compute_kpis": [
      0.015107600018382072
    ],
    "revenue_by_customer": [
      0.01889380009379238
    ],
    "revenue_by_product": [
      0.014137099962681532,
      0.015369099914096296,
      0.016684900037944317,
      0.019257100066170096,
      0.024366799974814057,
      0.028176699997857213
    ],
    "monthly_revenue": [
      0.05304200004320592,
      0.01805190008599311
    ],
    "detect_revenue_spikes": [
      0.029040199937298894
    ],
    "run_tool": [
      0.027177500072866678,
      0.03513250011019409,
      0.029249100014567375,
      0.03444690001197159,
      0.03941780002787709,
      0.042393699986860156,
      0.0992227999959141,
      0.10129320004489273
    ],
    "cached_run": [
      0.038913499913178384,
      0.044081600033678114,
      0.04142380005214363,
      0.050295099965296686,
      0.0458321999758482,
      0.05063769989646971,
      0.12351840001065284,
      0.11559739999938756
    ],
    "generate_insights": [
      4.808009599917568,
      5.0995370000600815,
      7.027344899950549,
      4.676958399941213,
      6.194382299901918,
      15.391811699955724,
      10.926155900000595
    ],
    "autonomous_run": [
      7.894368099980056,
      6.810643600067124,
      9.451666899956763,
      6.822470800019801,
      8.023655700031668,
      17.38573459989857
    ],
    "monthly_revenue_by_customer": [
      0.02626900002360344,
      0.09170489991083741,
      0.08773419994395226
    ]
  },
  "error_counts": {}
}