{
  "timestamp": "2026-03-26T19:40:54.602469",
  "stats": {
    "monthly_revenue": {
      "count": 2,
      "avg": 0.025034450110979378,
      "min": 0.016304600052535534,
      "max": 0.03376430016942322,
      "p95": 0.03376430016942322,
      "error_rate": 0.0
    },
    "detect_revenue_spikes": {
      "count": 1,
      "avg": 0.02971240016631782,
      "min": 0.02971240016631782,
      "max": 0.02971240016631782,
      "p95": 0.02971240016631782,
      "error_rate": 0.0
    },
    "generate_insights": {
      "count": 1,
      "avg": 7.458305699983612,
      "min": 7.458305699983612,
      "max": 7.458305699983612,
      "p95": 7.458305699983612,
      "error_rate": 0.0
    },
    "run_tool": {
      "count": 4,
      "avg": 0.04110702499747276,
      "min": 0.025530299870297313,
      "max": 0.06243039993569255,
      "p95": 0.06243039993569255,
      "error_rate": 0.0
    },
    "compute_kpis": {
      "count": 1,
      "avg": 0.012491700006648898,
      "min": 0.012491700006648898,
      "max": 0.012491700006648898,
      "p95": 0.012491700006648898,
      "error_rate": 0.0
    },
    "cached_run": {
      "count": 4,
      "avg": 0.053942150028888136,
      "min": 0.03792010014876723,
      "max": 0.07575759990140796,
      "p95": 0.07575759990140796,
      "error_rate": 0.0
    },
    "monthly_profit": {
      "count": 1,
      "avg": 0.019885199842974544,
      "min": 0.019885199842974544,
      "max": 0.019885199842974544,
      "p95": 0.019885199842974544,
      "error_rate": 0.0
    },
    "monthly_growth": {
      "count": 1,
      "avg": 0.04910589987412095,
      "min": 0.04910589987412095,
      "max": 0.04910589987412095,
      "p95": 0.04910589987412095,
      "error_rate": 0.0
    }
  },
  "metrics": {
    "compute_kpis": [
      0.012491700006648898
    ],
    "run_tool": [
      0.025530299870297313,
      0.06243039993569255,
      0.03341860021464527,
      0.043048799969255924
    ],
    "cached_run": [
      0.03792010014876723,
      0.07575759990140796,
      0.04723190004006028,
      0.05485900002531707
    ],
    "monthly_revenue": [
      0.03376430016942322,
      0.016304600052535534
    ],
    "monthly_growth": [
      0.04910589987412095
    ],
    "monthly_profit": [
      0.019885199842974544
    ],
    "detect_revenue_spikes": [
      0.02971240016631782
    ],
    "generate_insights": [
      7.458305699983612
    ]
  },
  "error_counts": {}
}