{
  "timestamp": "2026-03-26T16:11:47.125938",
  "stats": {
    "run_tool": {
      "count": 2,
      "avg": 0.050607117500476306,
      "min": 0.04707516100097564,
      "max": 0.05413907399997697,
      "p95": 0.05413907399997697,
      "error_rate": 0.0
    },
    "compute_kpis": {
      "count": 1,
      "avg": 0.022871868999573053,
      "min": 0.022871868999573053,
      "max": 0.022871868999573053,
      "p95": 0.022871868999573053,
      "error_rate": 0.0
    },
    "revenue_by_customer": {
      "count": 0,
      "avg": 0.0,
      "min": 0.0,
      "max": 0.0,
      "p95": 0.0,
      "error_rate": 1.0
    },
    "cached_run": {
      "count": 2,
      "avg": 0.07591954250074195,
      "min": 0.07378813000104856,
      "max": 0.07805095500043535,
      "p95": 0.07805095500043535,
      "error_rate": 0.0
    },
    "revenue_by_product": {
      "count": 2,
      "avg": 0.029189741500886157,
      "min": 0.026894854001511703,
      "max": 0.03148462900026061,
      "p95": 0.03148462900026061,
      "error_rate": 0.0
    },
    "autonomous_run": {
      "count": 1,
      "avg": 10.060791050998887,
      "min": 10.060791050998887,
      "max": 10.060791050998887,
      "p95": 10.060791050998887,
      "error_rate": 0.0
    },
    "generate_insights": {
      "count": 2,
      "avg": 5.725237061500593,
      "min": 5.696813234000729,
      "max": 5.753660889000457,
      "p95": 5.753660889000457,
      "error_rate": 0.0
    }
  },
  "metrics": {
    "compute_kpis": [
      0.022871868999573053
    ],
    "revenue_by_product": [
      0.03148462900026061,
      0.026894854001511703
    ],
    "run_tool": [
      0.05413907399997697,
      0.04707516100097564
    ],
    "cached_run": [
      0.07805095500043535,
      0.07378813000104856
    ],
    "generate_insights": [
      5.753660889000457,
      5.696813234000729
    ],
    "autonomous_run": [
      10.060791050998887
    ]
  },
  "error_counts": {
    "revenue_by_customer": 1
  }
}