{
  "timestamp": "2026-03-16T11:36:58.663081",
  "stats": {
    "run_tool": {
      "count": 1,
      "avg": 0.0633452000329271,
      "min": 0.0633452000329271,
      "max": 0.0633452000329271,
      "p95": 0.0633452000329271,
      "error_rate": 0.0
    },
    "cached_run": {
      "count": 1,
      "avg": 0.07896060001803562,
      "min": 0.07896060001803562,
      "max": 0.07896060001803562,
      "p95": 0.07896060001803562,
      "error_rate": 0.0
    },
    "generate_insights": {
      "count": 1,
      "avg": 5.142804000002798,
      "min": 5.142804000002798,
      "max": 5.142804000002798,
      "p95": 5.142804000002798,
      "error_rate": 0.0
    },
    "monthly_revenue_by_customer": {
      "count": 1,
      "avg": 0.04864280001493171,
      "min": 0.04864280001493171,
      "max": 0.04864280001493171,
      "p95": 0.04864280001493171,
      "error_rate": 0.0
    }
  },
  "metrics": {
    "monthly_revenue_by_customer": [
      0.04864280001493171
    ],
    "run_tool": [
      0.0633452000329271
    ],
    "cached_run": [
      0.07896060001803562
    ],
    "generate_insights": [
      5.142804000002798
    ]
  },
  "error_counts": {}
}