{
  "timestamp": "2026-03-29T10:20:16.214187",
  "stats": {
    "forecast_revenue_by_product": {
      "count": 1,
      "avg": 0.04828360001556575,
      "min": 0.04828360001556575,
      "max": 0.04828360001556575,
      "p95": 0.04828360001556575,
      "error_rate": 0.0
    },
    "monthly_revenue_by_product": {
      "count": 1,
      "avg": 0.0217248999979347,
      "min": 0.0217248999979347,
      "max": 0.0217248999979347,
      "p95": 0.0217248999979347,
      "error_rate": 0.0
    },
    "forecast_revenue_with_explanation": {
      "count": 1,
      "avg": 0.018849899992346764,
      "min": 0.018849899992346764,
      "max": 0.018849899992346764,
      "p95": 0.018849899992346764,
      "error_rate": 0.0
    },
    "detect_revenue_spikes": {
      "count": 1,
      "avg": 0.06012040004134178,
      "min": 0.06012040004134178,
      "max": 0.06012040004134178,
      "p95": 0.06012040004134178,
      "error_rate": 0.0
    },
    "monthly_revenue_by_product_full": {
      "count": 1,
      "avg": 0.008033100049942732,
      "min": 0.008033100049942732,
      "max": 0.008033100049942732,
      "p95": 0.008033100049942732,
      "error_rate": 0.0
    },
    "forecast_with_confidence": {
      "count": 0,
      "avg": 0.0,
      "min": 0.0,
      "max": 0.0,
      "p95": 0.0,
      "error_rate": 1.0
    },
    "run_tool": {
      "count": 3,
      "avg": 0.033575600013136864,
      "min": 0.024878800148144364,
      "max": 0.04404299985617399,
      "p95": 0.04404299985617399,
      "error_rate": 0.0
    },
    "cached_run": {
      "count": 3,
      "avg": 0.04483186670889457,
      "min": 0.03457160014659166,
      "max": 0.05818719998933375,
      "p95": 0.05818719998933375,
      "error_rate": 0.0
    },
    "monthly_revenue": {
      "count": 2,
      "avg": 0.0180535000981763,
      "min": 0.015878800069913268,
      "max": 0.020228200126439333,
      "p95": 0.020228200126439333,
      "error_rate": 0.0
    },
    "monthly_growth": {
      "count": 1,
      "avg": 0.03231410006992519,
      "min": 0.03231410006992519,
      "max": 0.03231410006992519,
      "p95": 0.03231410006992519,
      "error_rate": 0.0
    },
    "revenue_by_product": {
      "count": 1,
      "avg": 0.014436600031331182,
      "min": 0.014436600031331182,
      "max": 0.014436600031331182,
      "p95": 0.014436600031331182,
      "error_rate": 0.0
    },
    "generate_insights": {
      "count": 1,
      "avg": 7.402830599807203,
      "min": 7.402830599807203,
      "max": 7.402830599807203,
      "p95": 7.402830599807203,
      "error_rate": 0.0
    }
  },
  "metrics": {
    "monthly_revenue_by_product_full": [
      0.008033100049942732
    ],
    "forecast_revenue_by_product": [
      0.04828360001556575
    ],
    "monthly_revenue": [
      0.015878800069913268,
      0.020228200126439333
    ],
    "forecast_revenue_with_explanation": [
      0.018849899992346764
    ],
    "monthly_revenue_by_product": [
      0.0217248999979347
    ],
    "run_tool": [
      0.031805000035092235,
      0.04404299985617399,
      0.024878800148144364
    ],
    "cached_run": [
      0.0417367999907583,
      0.05818719998933375,
      0.03457160014659166
    ],
    "monthly_growth": [
      0.03231410006992519
    ],
    "revenue_by_product": [
      0.014436600031331182
    ],
    "detect_revenue_spikes": [
      0.06012040004134178
    ],
    "generate_insights": [
      7.402830599807203
    ]
  },
  "error_counts": {
    "forecast_with_confidence": 1
  }
}