{
  "timestamp": "2026-03-27T11:49:43.327189",
  "stats": {
    "monthly_revenue": {
      "count": 4,
      "avg": 0.018885625002440065,
      "min": 0.01729009998962283,
      "max": 0.020988600095734,
      "p95": 0.020988600095734,
      "error_rate": 0.0
    },
    "compute_kpis": {
      "count": 2,
      "avg": 0.012657250044867396,
      "min": 0.012074300087988377,
      "max": 0.013240200001746416,
      "p95": 0.013240200001746416,
      "error_rate": 0.0
    },
    "monthly_growth": {
      "count": 1,
      "avg": 0.0305997000541538,
      "min": 0.0305997000541538,
      "max": 0.0305997000541538,
      "p95": 0.0305997000541538,
      "error_rate": 0.0
    },
    "cached_run": {
      "count": 4,
      "avg": 0.0456501500448212,
      "min": 0.035966699942946434,
      "max": 0.05257520009763539,
      "p95": 0.05257520009763539,
      "error_rate": 0.0
    },
    "run_tool": {
      "count": 4,
      "avg": 0.03454102500109002,
      "min": 0.024911199929192662,
      "max": 0.04140070010907948,
      "p95": 0.04140070010907948,
      "error_rate": 0.0
    },
    "revenue_by_customer": {
      "count": 1,
      "avg": 0.015589100075885653,
      "min": 0.015589100075885653,
      "max": 0.015589100075885653,
      "p95": 0.015589100075885653,
      "error_rate": 0.0
    },
    "generate_insights": {
      "count": 1,
      "avg": 6.674907399807125,
      "min": 6.674907399807125,
      "max": 6.674907399807125,
      "p95": 6.674907399807125,
      "error_rate": 0.0
    },
    "detect_revenue_spikes": {
      "count": 2,
      "avg": 0.03149969992227852,
      "min": 0.029483499936759472,
      "max": 0.033515899907797575,
      "p95": 0.033515899907797575,
      "error_rate": 0.0
    },
    "monthly_profit": {
      "count": 1,
      "avg": 0.019314599921926856,
      "min": 0.019314599921926856,
      "max": 0.019314599921926856,
      "p95": 0.019314599921926856,
      "error_rate": 0.0
    },
    "revenue_by_product": {
      "count": 1,
      "avg": 0.015842400025576353,
      "min": 0.015842400025576353,
      "max": 0.015842400025576353,
      "p95": 0.015842400025576353,
      "error_rate": 0.0
    }
  },
  "metrics": {
    "compute_kpis": [
      0.013240200001746416,
      0.012074300087988377
    ],
    "revenue_by_customer": [
      0.015589100075885653
    ],
    "revenue_by_product": [
      0.015842400025576353
    ],
    "monthly_revenue": [
      0.020988600095734,
      0.01955890003591776,
      0.01770489988848567,
      0.01729009998962283
    ],
    "detect_revenue_spikes": [
      0.033515899907797575,
      0.029483499936759472
    ],
    "run_tool": [
      0.024911199929192662,
      0.04140070010907948,
      0.031095199985429645,
      0.04075699998065829
    ],
    "cached_run": [
      0.035966699942946434,
      0.05257520009763539,
      0.042526400182396173,
      0.051532299956306815
    ],
    "monthly_growth": [
      0.0305997000541538
    ],
    "monthly_profit": [
      0.019314599921926856
    ],
    "generate_insights": [
      6.674907399807125
    ]
  },
  "error_counts": {}
}