{
  "timestamp": "2026-03-29T14:26:18.254275",
  "stats": {
    "compute_kpis": {
      "count": 1,
      "avg": 0.025244181999369175,
      "min": 0.025244181999369175,
      "max": 0.025244181999369175,
      "p95": 0.025244181999369175,
      "error_rate": 0.0
    },
    "revenue_by_product": {
      "count": 2,
      "avg": 0.03597949249979138,
      "min": 0.028246228999705636,
      "max": 0.04371275599987712,
      "p95": 0.04371275599987712,
      "error_rate": 0.0
    },
    "monthly_growth": {
      "count": 1,
      "avg": 0.04992148999917845,
      "min": 0.04992148999917845,
      "max": 0.04992148999917845,
      "p95": 0.04992148999917845,
      "error_rate": 0.0
    },
    "detect_revenue_spikes": {
      "count": 2,
      "avg": 0.054675529499945696,
      "min": 0.04758206299993617,
      "max": 0.06176899599995522,
      "p95": 0.06176899599995522,
      "error_rate": 0.0
    },
    "monthly_revenue_by_product_full": {
      "count": 1,
      "avg": 0.0065090499992948025,
      "min": 0.0065090499992948025,
      "max": 0.0065090499992948025,
      "p95": 0.0065090499992948025,
      "error_rate": 0.0
    },
    "forecast_revenue_by_product": {
      "count": 1,
      "avg": 0.523098604999177,
      "min": 0.523098604999177,
      "max": 0.523098604999177,
      "p95": 0.523098604999177,
      "error_rate": 0.0
    },
    "run_tool": {
      "count": 3,
      "avg": 0.06983545399998548,
      "min": 0.05101494399968942,
      "max": 0.08824941199964087,
      "p95": 0.08824941199964087,
      "error_rate": 0.0
    },
    "monthly_revenue_by_product": {
      "count": 1,
      "avg": 0.03084446399952867,
      "min": 0.03084446399952867,
      "max": 0.03084446399952867,
      "p95": 0.03084446399952867,
      "error_rate": 0.0
    },
    "generate_insights": {
      "count": 1,
      "avg": 7.834188266999263,
      "min": 7.834188266999263,
      "max": 7.834188266999263,
      "p95": 7.834188266999263,
      "error_rate": 0.0
    },
    "forecast_revenue_with_explanation": {
      "count": 1,
      "avg": 0.13545921500008262,
      "min": 0.13545921500008262,
      "max": 0.13545921500008262,
      "p95": 0.13545921500008262,
      "error_rate": 0.0
    },
    "cached_run": {
      "count": 3,
      "avg": 0.10379213233257663,
      "min": 0.06907870799841476,
      "max": 0.13113940999937768,
      "p95": 0.13113940999937768,
      "error_rate": 0.0
    },
    "monthly_revenue": {
      "count": 4,
      "avg": 0.030307716499464732,
      "min": 0.024270980999062886,
      "max": 0.03637761900063197,
      "p95": 0.03637761900063197,
      "error_rate": 0.0
    },
    "forecast_with_confidence": {
      "count": 0,
      "avg": 0.0,
      "min": 0.0,
      "max": 0.0,
      "p95": 0.0,
      "error_rate": 1.0
    },
    "revenue_by_customer": {
      "count": 1,
      "avg": 0.03813325199917017,
      "min": 0.03813325199917017,
      "max": 0.03813325199917017,
      "p95": 0.03813325199917017,
      "error_rate": 0.0
    }
  },
  "metrics": {
    "compute_kpis": [
      0.025244181999369175
    ],
    "revenue_by_customer": [
      0.03813325199917017
    ],
    "revenue_by_product": [
      0.028246228999705636,
      0.04371275599987712
    ],
    "monthly_revenue": [
      0.03637761900063197,
      0.03462171999854036,
      0.024270980999062886,
      0.02596054599962372
    ],
    "detect_revenue_spikes": [
      0.06176899599995522,
      0.04758206299993617
    ],
    "monthly_revenue_by_product_full": [
      0.0065090499992948025
    ],
    "forecast_revenue_by_product": [
      0.523098604999177
    ],
    "forecast_revenue_with_explanation": [
      0.13545921500008262
    ],
    "monthly_revenue_by_product": [
      0.03084446399952867
    ],
    "run_tool": [
      0.05101494399968942,
      0.07024200600062613,
      0.08824941199964087
    ],
    "cached_run": [
      0.06907870799841476,
      0.11115827899993747,
      0.13113940999937768
    ],
    "monthly_growth": [
      0.04992148999917845
    ],
    "generate_insights": [
      7.834188266999263
    ]
  },
  "error_counts": {
    "forecast_with_confidence": 1
  }
}