{
  "timestamp": "2026-03-27T14:33:00.899425",
  "stats": {
    "run_tool": {
      "count": 4,
      "avg": 0.10188438250042964,
      "min": 0.07511423299911257,
      "max": 0.13616406500113953,
      "p95": 0.13616406500113953,
      "error_rate": 0.0
    },
    "cached_run": {
      "count": 4,
      "avg": 0.14484169174966155,
      "min": 0.10446575899914023,
      "max": 0.1825761860000057,
      "p95": 0.1825761860000057,
      "error_rate": 0.0
    },
    "autonomous_run": {
      "count": 1,
      "avg": 14.525969002001148,
      "min": 14.525969002001148,
      "max": 14.525969002001148,
      "p95": 14.525969002001148,
      "error_rate": 0.0
    },
    "monthly_revenue_by_product": {
      "count": 2,
      "avg": 0.061080754499926115,
      "min": 0.04898885900001915,
      "max": 0.07317264999983308,
      "p95": 0.07317264999983308,
      "error_rate": 0.0
    },
    "revenue_by_product": {
      "count": 2,
      "avg": 0.05086707450027461,
      "min": 0.04308932400090271,
      "max": 0.058644824999646517,
      "p95": 0.058644824999646517,
      "error_rate": 0.0
    },
    "generate_insights": {
      "count": 2,
      "avg": 10.594996109500244,
      "min": 8.762277796999115,
      "max": 12.427714422001372,
      "p95": 12.427714422001372,
      "error_rate": 0.0
    }
  },
  "metrics": {
    "revenue_by_product": [
      0.04308932400090271,
      0.058644824999646517
    ],
    "run_tool": [
      0.07511423299911257,
      0.0795632730005309,
      0.11669595900093555,
      0.13616406500113953
    ],
    "cached_run": [
      0.10446575899914023,
      0.12128809999921941,
      0.17103672200028086,
      0.1825761860000057
    ],
    "monthly_revenue_by_product": [
      0.04898885900001915,
      0.07317264999983308
    ],
    "generate_insights": [
      12.427714422001372,
      8.762277796999115
    ],
    "autonomous_run": [
      14.525969002001148
    ]
  },
  "error_counts": {}
}