{
  "timestamp": "2026-03-21T17:32:16.193060",
  "stats": {
    "cached_run": {
      "count": 3,
      "avg": 0.02958313333025823,
      "min": 0.024025599937886,
      "max": 0.03762690001167357,
      "p95": 0.03762690001167357,
      "error_rate": 0.0
    },
    "monthly_growth": {
      "count": 1,
      "avg": 0.021378499921411276,
      "min": 0.021378499921411276,
      "max": 0.021378499921411276,
      "p95": 0.021378499921411276,
      "error_rate": 0.0
    },
    "compute_kpis": {
      "count": 1,
      "avg": 0.008733700029551983,
      "min": 0.008733700029551983,
      "max": 0.008733700029551983,
      "p95": 0.008733700029551983,
      "error_rate": 0.0
    },
    "generate_insights": {
      "count": 1,
      "avg": 6.011077499948442,
      "min": 6.011077499948442,
      "max": 6.011077499948442,
      "p95": 6.011077499948442,
      "error_rate": 0.0
    },
    "monthly_revenue": {
      "count": 1,
      "avg": 0.012556400033645332,
      "min": 0.012556400033645332,
      "max": 0.012556400033645332,
      "p95": 0.012556400033645332,
      "error_rate": 0.0
    },
    "run_tool": {
      "count": 3,
      "avg": 0.02171460003592074,
      "min": 0.01621200004592538,
      "max": 0.02968260005582124,
      "p95": 0.02968260005582124,
      "error_rate": 0.0
    },
    "monthly_profit": {
      "count": 1,
      "avg": 0.011503899935632944,
      "min": 0.011503899935632944,
      "max": 0.011503899935632944,
      "p95": 0.011503899935632944,
      "error_rate": 0.0
    }
  },
  "metrics": {
    "compute_kpis": [
      0.008733700029551983
    ],
    "run_tool": [
      0.01621200004592538,
      0.02968260005582124,
      0.0192492000060156
    ],
    "cached_run": [
      0.024025599937886,
      0.03762690001167357,
      0.027096900041215122
    ],
    "monthly_revenue": [
      0.012556400033645332
    ],
    "monthly_growth": [
      0.021378499921411276
    ],
    "monthly_profit": [
      0.011503899935632944
    ],
    "generate_insights": [
      6.011077499948442
    ]
  },
  "error_counts": {}
}