{
  "timestamp": "2026-03-13T13:00:15.896290",
  "stats": {
    "monthly_revenue_by_customer": {
      "count": 1,
      "avg": 0.022313699999358505,
      "min": 0.022313699999358505,
      "max": 0.022313699999358505,
      "p95": 0.022313699999358505,
      "error_rate": 0.0
    },
    "run_tool": {
      "count": 2,
      "avg": 0.03548455001146067,
      "min": 0.03349180001532659,
      "max": 0.03747730000759475,
      "p95": 0.03747730000759475,
      "error_rate": 0.0
    },
    "revenue_by_product": {
      "count": 1,
      "avg": 0.018790900008752942,
      "min": 0.018790900008752942,
      "max": 0.018790900008752942,
      "p95": 0.018790900008752942,
      "error_rate": 0.0
    },
    "generate_insights": {
      "count": 1,
      "avg": 5.9060368000064045,
      "min": 5.9060368000064045,
      "max": 5.9060368000064045,
      "p95": 5.9060368000064045,
      "error_rate": 0.0
    },
    "cached_run": {
      "count": 2,
      "avg": 0.0519151500047883,
      "min": 0.05053710000356659,
      "max": 0.05329320000601001,
      "p95": 0.05329320000601001,
      "error_rate": 0.0
    }
  },
  "metrics": {
    "revenue_by_product": [
      0.018790900008752942
    ],
    "run_tool": [
      0.03349180001532659,
      0.03747730000759475
    ],
    "cached_run": [
      0.05053710000356659,
      0.05329320000601001
    ],
    "monthly_revenue_by_customer": [
      0.022313699999358505
    ],
    "generate_insights": [
      5.9060368000064045
    ]
  },
  "error_counts": {}
}