{
  "timestamp": "2026-03-19T11:58:28.936300",
  "stats": {
    "generate_insights": {
      "count": 1,
      "avg": 5.005774299963377,
      "min": 5.005774299963377,
      "max": 5.005774299963377,
      "p95": 5.005774299963377,
      "error_rate": 0.0
    },
    "revenue_by_product": {
      "count": 1,
      "avg": 0.02474879997316748,
      "min": 0.02474879997316748,
      "max": 0.02474879997316748,
      "p95": 0.02474879997316748,
      "error_rate": 0.0
    },
    "run_tool": {
      "count": 1,
      "avg": 0.045019299956038594,
      "min": 0.045019299956038594,
      "max": 0.045019299956038594,
      "p95": 0.045019299956038594,
      "error_rate": 0.0
    },
    "cached_run": {
      "count": 1,
      "avg": 0.06333400006406009,
      "min": 0.06333400006406009,
      "max": 0.06333400006406009,
      "p95": 0.06333400006406009,
      "error_rate": 0.0
    }
  },
  "metrics": {
    "revenue_by_product": [
      0.02474879997316748
    ],
    "run_tool": [
      0.045019299956038594
    ],
    "cached_run": [
      0.06333400006406009
    ],
    "generate_insights": [
      5.005774299963377
    ]
  },
  "error_counts": {}
}