{
  "timestamp": "2026-03-27T11:22:35.851712",
  "stats": {
    "compute_kpis": {
      "count": 1,
      "avg": 0.009199100080877542,
      "min": 0.009199100080877542,
      "max": 0.009199100080877542,
      "p95": 0.009199100080877542,
      "error_rate": 0.0
    },
    "generate_insights": {
      "count": 1,
      "avg": 6.468305499991402,
      "min": 6.468305499991402,
      "max": 6.468305499991402,
      "p95": 6.468305499991402,
      "error_rate": 0.0
    },
    "monthly_revenue": {
      "count": 2,
      "avg": 0.015230449964292347,
      "min": 0.011361300013959408,
      "max": 0.019099599914625287,
      "p95": 0.019099599914625287,
      "error_rate": 0.0
    },
    "monthly_profit": {
      "count": 1,
      "avg": 0.011668300023302436,
      "min": 0.011668300023302436,
      "max": 0.011668300023302436,
      "p95": 0.011668300023302436,
      "error_rate": 0.0
    },
    "run_tool": {
      "count": 4,
      "avg": 0.026807175076100975,
      "min": 0.018670500023290515,
      "max": 0.03712800005450845,
      "p95": 0.03712800005450845,
      "error_rate": 0.0
    },
    "monthly_growth": {
      "count": 1,
      "avg": 0.028531699907034636,
      "min": 0.028531699907034636,
      "max": 0.028531699907034636,
      "p95": 0.028531699907034636,
      "error_rate": 0.0
    },
    "detect_revenue_spikes": {
      "count": 1,
      "avg": 0.021038899896666408,
      "min": 0.021038899896666408,
      "max": 0.021038899896666408,
      "p95": 0.021038899896666408,
      "error_rate": 0.0
    },
    "cached_run": {
      "count": 4,
      "avg": 0.03559702495113015,
      "min": 0.028541899984702468,
      "max": 0.04400169989094138,
      "p95": 0.04400169989094138,
      "error_rate": 0.0
    }
  },
  "metrics": {
    "compute_kpis": [
      0.009199100080877542
    ],
    "run_tool": [
      0.018670500023290515,
      0.03712800005450845,
      0.01984490011818707,
      0.03158530010841787
    ],
    "cached_run": [
      0.028541899984702468,
      0.04400169989094138,
      0.029989399947226048,
      0.03985509998165071
    ],
    "monthly_revenue": [
      0.019099599914625287,
      0.011361300013959408
    ],
    "monthly_growth": [
      0.028531699907034636
    ],
    "monthly_profit": [
      0.011668300023302436
    ],
    "detect_revenue_spikes": [
      0.021038899896666408
    ],
    "generate_insights": [
      6.468305499991402
    ]
  },
  "error_counts": {}
}