{
  "timestamp": "2026-03-21T21:00:17.203487",
  "stats": {
    "monthly_revenue": {
      "count": 3,
      "avg": 0.059102068666713116,
      "min": 0.04896833000020706,
      "max": 0.07345508000071277,
      "p95": 0.07345508000071277,
      "error_rate": 0.0
    },
    "generate_insights": {
      "count": 3,
      "avg": 4.783301079666671,
      "min": 3.4017453500000556,
      "max": 6.274933376000263,
      "p95": 6.274933376000263,
      "error_rate": 0.0
    },
    "forecast_revenue_by_product": {
      "count": 1,
      "avg": 0.06527361400003429,
      "min": 0.06527361400003429,
      "max": 0.06527361400003429,
      "p95": 0.06527361400003429,
      "error_rate": 0.0
    },
    "forecast_revenue_with_explanation": {
      "count": 1,
      "avg": 0.05804989900025248,
      "min": 0.05804989900025248,
      "max": 0.05804989900025248,
      "p95": 0.05804989900025248,
      "error_rate": 0.0
    },
    "revenue_by_product": {
      "count": 3,
      "avg": 0.046133494333237955,
      "min": 0.03533609299938689,
      "max": 0.055644498000219755,
      "p95": 0.055644498000219755,
      "error_rate": 0.0
    },
    "compute_kpis": {
      "count": 1,
      "avg": 0.039491212999564596,
      "min": 0.039491212999564596,
      "max": 0.039491212999564596,
      "p95": 0.039491212999564596,
      "error_rate": 0.0
    },
    "revenue_by_customer": {
      "count": 1,
      "avg": 0.044243936000384565,
      "min": 0.044243936000384565,
      "max": 0.044243936000384565,
      "p95": 0.044243936000384565,
      "error_rate": 0.0
    },
    "detect_revenue_spikes": {
      "count": 1,
      "avg": 0.055071366999982274,
      "min": 0.055071366999982274,
      "max": 0.055071366999982274,
      "p95": 0.055071366999982274,
      "error_rate": 0.0
    },
    "run_tool": {
      "count": 2,
      "avg": 0.09621314299965888,
      "min": 0.0777481799996167,
      "max": 0.11467810599970107,
      "p95": 0.11467810599970107,
      "error_rate": 0.0
    },
    "autonomous_run": {
      "count": 2,
      "avg": 6.44272281099984,
      "min": 5.819043540999701,
      "max": 7.066402080999978,
      "p95": 7.066402080999978,
      "error_rate": 0.0
    },
    "cached_run": {
      "count": 2,
      "avg": 0.14204382200023247,
      "min": 0.12528011500035063,
      "max": 0.1588075290001143,
      "p95": 0.1588075290001143,
      "error_rate": 0.0
    },
    "monthly_revenue_by_product_full": {
      "count": 1,
      "avg": 0.01176169399968785,
      "min": 0.01176169399968785,
      "max": 0.01176169399968785,
      "p95": 0.01176169399968785,
      "error_rate": 0.0
    },
    "forecast_with_confidence": {
      "count": 0,
      "avg": 0.0,
      "min": 0.0,
      "max": 0.0,
      "p95": 0.0,
      "error_rate": 1.0
    }
  },
  "metrics": {
    "compute_kpis": [
      0.039491212999564596
    ],
    "revenue_by_customer": [
      0.044243936000384565
    ],
    "revenue_by_product": [
      0.04741989200010721,
      0.03533609299938689,
      0.055644498000219755
    ],
    "monthly_revenue": [
      0.07345508000071277,
      0.054882795999219525,
      0.04896833000020706
    ],
    "detect_revenue_spikes": [
      0.055071366999982274
    ],
    "run_tool": [
      0.0777481799996167,
      0.11467810599970107
    ],
    "cached_run": [
      0.12528011500035063,
      0.1588075290001143
    ],
    "generate_insights": [
      4.673224512999695,
      3.4017453500000556,
      6.274933376000263
    ],
    "autonomous_run": [
      7.066402080999978,
      5.819043540999701
    ],
    "monthly_revenue_by_product_full": [
      0.01176169399968785
    ],
    "forecast_revenue_by_product": [
      0.06527361400003429
    ],
    "forecast_revenue_with_explanation": [
      0.05804989900025248
    ]
  },
  "error_counts": {
    "forecast_with_confidence": 1
  }
}