{
  "timestamp": "2026-03-27T12:07:59.100344",
  "stats": {
    "monthly_profit": {
      "count": 1,
      "avg": 0.02437248299975181,
      "min": 0.02437248299975181,
      "max": 0.02437248299975181,
      "p95": 0.02437248299975181,
      "error_rate": 0.0
    },
    "monthly_growth": {
      "count": 1,
      "avg": 0.04999909500020294,
      "min": 0.04999909500020294,
      "max": 0.04999909500020294,
      "p95": 0.04999909500020294,
      "error_rate": 0.0
    },
    "compute_kpis": {
      "count": 1,
      "avg": 0.023161584000263247,
      "min": 0.023161584000263247,
      "max": 0.023161584000263247,
      "p95": 0.023161584000263247,
      "error_rate": 0.0
    },
    "generate_insights": {
      "count": 1,
      "avg": 8.98905092699988,
      "min": 8.98905092699988,
      "max": 8.98905092699988,
      "p95": 8.98905092699988,
      "error_rate": 0.0
    },
    "run_tool": {
      "count": 4,
      "avg": 0.061623214749943145,
      "min": 0.04363423099994179,
      "max": 0.08312570599991886,
      "p95": 0.08312570599991886,
      "error_rate": 0.0
    },
    "monthly_revenue": {
      "count": 2,
      "avg": 0.02946426700009397,
      "min": 0.02690051899980972,
      "max": 0.03202801500037822,
      "p95": 0.03202801500037822,
      "error_rate": 0.0
    },
    "cached_run": {
      "count": 4,
      "avg": 0.08236154074995738,
      "min": 0.06315763400016294,
      "max": 0.10806983099973877,
      "p95": 0.10806983099973877,
      "error_rate": 0.0
    },
    "detect_revenue_spikes": {
      "count": 1,
      "avg": 0.05775038999991011,
      "min": 0.05775038999991011,
      "max": 0.05775038999991011,
      "p95": 0.05775038999991011,
      "error_rate": 0.0
    }
  },
  "metrics": {
    "compute_kpis": [
      0.023161584000263247
    ],
    "run_tool": [
      0.04363423099994179,
      0.07023106799988454,
      0.04950185400002738,
      0.08312570599991886
    ],
    "cached_run": [
      0.06315763400016294,
      0.08658913099998244,
      0.07162956699994538,
      0.10806983099973877
    ],
    "monthly_revenue": [
      0.03202801500037822,
      0.02690051899980972
    ],
    "monthly_growth": [
      0.04999909500020294
    ],
    "monthly_profit": [
      0.02437248299975181
    ],
    "detect_revenue_spikes": [
      0.05775038999991011
    ],
    "generate_insights": [
      8.98905092699988
    ]
  },
  "error_counts": {}
}