{
  "timestamp": "2026-03-21T17:36:36.916564",
  "stats": {
    "cached_run": {
      "count": 2,
      "avg": 0.21657875005621463,
      "min": 0.21305260004010051,
      "max": 0.22010490007232875,
      "p95": 0.22010490007232875,
      "error_rate": 0.0
    },
    "generate_insights": {
      "count": 1,
      "avg": 4.771194600034505,
      "min": 4.771194600034505,
      "max": 4.771194600034505,
      "p95": 4.771194600034505,
      "error_rate": 0.0
    },
    "monthly_revenue": {
      "count": 2,
      "avg": 0.01790754997637123,
      "min": 0.016233099973760545,
      "max": 0.019581999978981912,
      "p95": 0.019581999978981912,
      "error_rate": 0.0
    },
    "forecast_with_confidence": {
      "count": 1,
      "avg": 0.19164900004398078,
      "min": 0.19164900004398078,
      "max": 0.19164900004398078,
      "p95": 0.19164900004398078,
      "error_rate": 0.0
    },
    "forecast_revenue_with_explanation": {
      "count": 1,
      "avg": 0.1968831999693066,
      "min": 0.1968831999693066,
      "max": 0.1968831999693066,
      "p95": 0.1968831999693066,
      "error_rate": 0.0
    },
    "run_tool": {
      "count": 2,
      "avg": 0.2051620000274852,
      "min": 0.20228580001275986,
      "max": 0.20803820004221052,
      "p95": 0.20803820004221052,
      "error_rate": 0.0
    }
  },
  "metrics": {
    "monthly_revenue": [
      0.019581999978981912,
      0.016233099973760545
    ],
    "forecast_revenue_with_explanation": [
      0.1968831999693066
    ],
    "run_tool": [
      0.20803820004221052,
      0.20228580001275986
    ],
    "cached_run": [
      0.22010490007232875,
      0.21305260004010051
    ],
    "forecast_with_confidence": [
      0.19164900004398078
    ],
    "generate_insights": [
      4.771194600034505
    ]
  },
  "error_counts": {}
}