{
  "timestamp": "2026-03-29T11:55:12.051852",
  "stats": {
    "monthly_revenue_by_product": {
      "count": 1,
      "avg": 0.0244847999420017,
      "min": 0.0244847999420017,
      "max": 0.0244847999420017,
      "p95": 0.0244847999420017,
      "error_rate": 0.0
    },
    "monthly_revenue_by_product_full": {
      "count": 1,
      "avg": 0.01966789993457496,
      "min": 0.01966789993457496,
      "max": 0.01966789993457496,
      "p95": 0.01966789993457496,
      "error_rate": 0.0
    },
    "forecast_revenue_with_explanation": {
      "count": 1,
      "avg": 0.022954100044444203,
      "min": 0.022954100044444203,
      "max": 0.022954100044444203,
      "p95": 0.022954100044444203,
      "error_rate": 0.0
    },
    "generate_insights": {
      "count": 1,
      "avg": 10.392381800105795,
      "min": 10.392381800105795,
      "max": 10.392381800105795,
      "p95": 10.392381800105795,
      "error_rate": 0.0
    },
    "run_tool": {
      "count": 3,
      "avg": 0.03808880007515351,
      "min": 0.03479399997740984,
      "max": 0.04325080011039972,
      "p95": 0.04325080011039972,
      "error_rate": 0.0
    },
    "monthly_growth": {
      "count": 1,
      "avg": 0.03229480003938079,
      "min": 0.03229480003938079,
      "max": 0.03229480003938079,
      "p95": 0.03229480003938079,
      "error_rate": 0.0
    },
    "forecast_with_confidence": {
      "count": 0,
      "avg": 0.0,
      "min": 0.0,
      "max": 0.0,
      "p95": 0.0,
      "error_rate": 1.0
    },
    "monthly_revenue": {
      "count": 2,
      "avg": 0.018778249970637262,
      "min": 0.018760700011625886,
      "max": 0.018795799929648638,
      "p95": 0.018795799929648638,
      "error_rate": 0.0
    },
    "revenue_by_product": {
      "count": 1,
      "avg": 0.023654599906876683,
      "min": 0.023654599906876683,
      "max": 0.023654599906876683,
      "p95": 0.023654599906876683,
      "error_rate": 0.0
    },
    "detect_revenue_spikes": {
      "count": 1,
      "avg": 0.06661650002934039,
      "min": 0.06661650002934039,
      "max": 0.06661650002934039,
      "p95": 0.06661650002934039,
      "error_rate": 0.0
    },
    "cached_run": {
      "count": 3,
      "avg": 0.049556066670144595,
      "min": 0.04592449986375868,
      "max": 0.054960899986326694,
      "p95": 0.054960899986326694,
      "error_rate": 0.0
    },
    "forecast_revenue_by_product": {
      "count": 1,
      "avg": 0.06918890005908906,
      "min": 0.06918890005908906,
      "max": 0.06918890005908906,
      "p95": 0.06918890005908906,
      "error_rate": 0.0
    }
  },
  "metrics": {
    "monthly_revenue_by_product_full": [
      0.01966789993457496
    ],
    "forecast_revenue_by_product": [
      0.06918890005908906
    ],
    "monthly_revenue": [
      0.018795799929648638,
      0.018760700011625886
    ],
    "forecast_revenue_with_explanation": [
      0.022954100044444203
    ],
    "monthly_revenue_by_product": [
      0.0244847999420017
    ],
    "run_tool": [
      0.03479399997740984,
      0.04325080011039972,
      0.03622160013765097
    ],
    "cached_run": [
      0.04592449986375868,
      0.054960899986326694,
      0.047782800160348415
    ],
    "monthly_growth": [
      0.03229480003938079
    ],
    "revenue_by_product": [
      0.023654599906876683
    ],
    "detect_revenue_spikes": [
      0.06661650002934039
    ],
    "generate_insights": [
      10.392381800105795
    ]
  },
  "error_counts": {
    "forecast_with_confidence": 1
  }
}