{
  "timestamp": "2026-03-21T18:10:58.505646",
  "stats": {
    "forecast_with_confidence": {
      "count": 1,
      "avg": 0.07895549992099404,
      "min": 0.07895549992099404,
      "max": 0.07895549992099404,
      "p95": 0.07895549992099404,
      "error_rate": 0.0
    },
    "forecast_revenue_with_explanation": {
      "count": 1,
      "avg": 0.07407400000374764,
      "min": 0.07407400000374764,
      "max": 0.07407400000374764,
      "p95": 0.07407400000374764,
      "error_rate": 0.0
    },
    "cached_run": {
      "count": 2,
      "avg": 0.10202814999502152,
      "min": 0.10001459997147322,
      "max": 0.10404170001856983,
      "p95": 0.10404170001856983,
      "error_rate": 0.0
    },
    "run_tool": {
      "count": 2,
      "avg": 0.0895464500063099,
      "min": 0.08781579998321831,
      "max": 0.09127710002940148,
      "p95": 0.09127710002940148,
      "error_rate": 0.0
    },
    "generate_insights": {
      "count": 1,
      "avg": 4.516136099933647,
      "min": 4.516136099933647,
      "max": 4.516136099933647,
      "p95": 4.516136099933647,
      "error_rate": 0.0
    },
    "monthly_revenue": {
      "count": 2,
      "avg": 0.01725610002176836,
      "min": 0.016406900016590953,
      "max": 0.01810530002694577,
      "p95": 0.01810530002694577,
      "error_rate": 0.0
    }
  },
  "metrics": {
    "monthly_revenue": [
      0.01810530002694577,
      0.016406900016590953
    ],
    "forecast_revenue_with_explanation": [
      0.07407400000374764
    ],
    "run_tool": [
      0.08781579998321831,
      0.09127710002940148
    ],
    "cached_run": [
      0.10001459997147322,
      0.10404170001856983
    ],
    "forecast_with_confidence": [
      0.07895549992099404
    ],
    "generate_insights": [
      4.516136099933647
    ]
  },
  "error_counts": {}
}