{
  "timestamp": "2026-03-26T20:36:55.566834",
  "stats": {
    "forecast_revenue_by_product": {
      "count": 1,
      "avg": 0.19229590008035302,
      "min": 0.19229590008035302,
      "max": 0.19229590008035302,
      "p95": 0.19229590008035302,
      "error_rate": 0.0
    },
    "monthly_revenue_by_product_full": {
      "count": 1,
      "avg": 0.013614799827337265,
      "min": 0.013614799827337265,
      "max": 0.013614799827337265,
      "p95": 0.013614799827337265,
      "error_rate": 0.0
    },
    "forecast_with_confidence": {
      "count": 0,
      "avg": 0.0,
      "min": 0.0,
      "max": 0.0,
      "p95": 0.0,
      "error_rate": 1.0
    },
    "monthly_revenue": {
      "count": 1,
      "avg": 0.013876300072297454,
      "min": 0.013876300072297454,
      "max": 0.013876300072297454,
      "p95": 0.013876300072297454,
      "error_rate": 0.0
    },
    "forecast_revenue_with_explanation": {
      "count": 1,
      "avg": 0.06201790017075837,
      "min": 0.06201790017075837,
      "max": 0.06201790017075837,
      "p95": 0.06201790017075837,
      "error_rate": 0.0
    },
    "generate_insights": {
      "count": 1,
      "avg": 4.62993979989551,
      "min": 4.62993979989551,
      "max": 4.62993979989551,
      "p95": 4.62993979989551,
      "error_rate": 0.0
    }
  },
  "metrics": {
    "monthly_revenue_by_product_full": [
      0.013614799827337265
    ],
    "forecast_revenue_by_product": [
      0.19229590008035302
    ],
    "monthly_revenue": [
      0.013876300072297454
    ],
    "forecast_revenue_with_explanation": [
      0.06201790017075837
    ],
    "generate_insights": [
      4.62993979989551
    ]
  },
  "error_counts": {
    "forecast_with_confidence": 1
  }
}