{
  "timestamp": "2026-03-27T17:12:49.228265",
  "stats": {
    "monthly_revenue_by_product": {
      "count": 13,
      "avg": 0.08754799084580064,
      "min": 0.06288429299820564,
      "max": 0.12042213399763568,
      "p95": 0.12042213399763568,
      "error_rate": 0.0
    },
    "forecast_revenue_by_product": {
      "count": 5,
      "avg": 0.2804215516000113,
      "min": 0.08738749100302812,
      "max": 0.5698814210009004,
      "p95": 0.5698814210009004,
      "error_rate": 0.0
    },
    "revenue_by_customer": {
      "count": 2,
      "avg": 0.0919450194996898,
      "min": 0.08921609300159616,
      "max": 0.09467394599778345,
      "p95": 0.09467394599778345,
      "error_rate": 0.0
    },
    "monthly_revenue": {
      "count": 11,
      "avg": 0.08238257636317443,
      "min": 0.05669399999896996,
      "max": 0.10052367100070114,
      "p95": 0.10052367100070114,
      "error_rate": 0.0
    },
    "generate_insights": {
      "count": 21,
      "avg": 8.942529180714267,
      "min": 6.343689743000141,
      "max": 13.169216758997209,
      "p95": 10.56915550299891,
      "error_rate": 0.0
    },
    "forecast_revenue_with_explanation": {
      "count": 5,
      "avg": 0.1600393022003118,
      "min": 0.07717811800102936,
      "max": 0.30070934600007604,
      "p95": 0.30070934600007604,
      "error_rate": 0.0
    },
    "monthly_profit": {
      "count": 2,
      "avg": 0.06946694900034345,
      "min": 0.06653026999993017,
      "max": 0.07240362800075673,
      "p95": 0.07240362800075673,
      "error_rate": 0.0
    },
    "monthly_revenue_by_customer": {
      "count": 1,
      "avg": 0.09674083400022937,
      "min": 0.09674083400022937,
      "max": 0.09674083400022937,
      "p95": 0.09674083400022937,
      "error_rate": 0.0
    },
    "detect_revenue_spikes": {
      "count": 24,
      "avg": 0.10172575012514547,
      "min": 0.07652641800086712,
      "max": 0.1800647130003199,
      "p95": 0.14148668399866438,
      "error_rate": 0.0
    },
    "cached_run": {
      "count": 35,
      "avg": 0.2509205563999006,
      "min": 0.16247537399976864,
      "max": 0.3404270760001964,
      "p95": 0.32829429299818,
      "error_rate": 0.0
    },
    "run_tool": {
      "count": 35,
      "avg": 0.17200827748539657,
      "min": 0.10266854699875694,
      "max": 0.2716218880013912,
      "p95": 0.2279175209987443,
      "error_rate": 0.0
    },
    "monthly_revenue_by_product_full": {
      "count": 5,
      "avg": 0.00683990880206693,
      "min": 0.0038878020022821147,
      "max": 0.01126673700127867,
      "p95": 0.01126673700127867,
      "error_rate": 0.0
    },
    "forecast_with_confidence": {
      "count": 0,
      "avg": 0.0,
      "min": 0.0,
      "max": 0.0,
      "p95": 0.0,
      "error_rate": 1.0
    },
    "autonomous_run": {
      "count": 20,
      "avg": 12.334342828499757,
      "min": 8.500413447000028,
      "max": 15.451854039001773,
      "p95": 15.451854039001773,
      "error_rate": 0.0
    },
    "revenue_by_product": {
      "count": 13,
      "avg": 0.08694799646148638,
      "min": 0.052275444999395404,
      "max": 0.1171464150029351,
      "p95": 0.1171464150029351,
      "error_rate": 0.0
    },
    "monthly_growth": {
      "count": 2,
      "avg": 0.16324301450185885,
      "min": 0.1354904380023072,
      "max": 0.1909955910014105,
      "p95": 0.1909955910014105,
      "error_rate": 0.0
    },
    "compute_kpis": {
      "count": 3,
      "avg": 0.06822110666689696,
      "min": 0.053295394998713164,
      "max": 0.0797142650008027,
      "p95": 0.0797142650008027,
      "error_rate": 0.0
    }
  },
  "metrics": {
    "compute_kpis": [
      0.0797142650008027,
      0.053295394998713164,
      0.07165366000117501
    ],
    "revenue_by_customer": [
      0.08921609300159616,
      0.09467394599778345
    ],
    "revenue_by_product": [
      0.10105169999951613,
      0.05950119800036191,
      0.08210659199903603,
      0.07924960400123382,
      0.10650367400012328,
      0.052275444999395404,
      0.07448353000290808,
      0.09078227699865238,
      0.08801490599944373,
      0.09587776400076109,
      0.09329531799812685,
      0.09003553099682904,
      0.1171464150029351
    ],
    "monthly_revenue": [
      0.09643323099953705,
      0.09344910100116977,
      0.05669399999896996,
      0.10052367100070114,
      0.06921696700010216,
      0.06904653499805136,
      0.07265335699776188,
      0.07587626999884378,
      0.0777077040002041,
      0.09627773800093564,
      0.09832976599864196
    ],
    "detect_revenue_spikes": [
      0.1800647130003199,
      0.1271613079989038,
      0.11299308999878122,
      0.10268347899909713,
      0.08161406999715837,
      0.08763033800278208,
      0.07696641000075033,
      0.10039885699734441,
      0.10196932100006961,
      0.09635264500320773,
      0.08034091200170224,
      0.09316584399857675,
      0.08490362600059598,
      0.14148668399866438,
      0.08962856200014357,
      0.1356371539986867,
      0.08134133600105997,
      0.09951464100231533,
      0.09328416699645459,
      0.07652641800086712,
      0.09916740800326806,
      0.11679084400020656,
      0.08927531700101099,
      0.09252085900152451
    ],
    "run_tool": [
      0.19327038600022206,
      0.1882279519995791,
      0.10982168999908026,
      0.189290586997231,
      0.15338497599805123,
      0.19803484299700358,
      0.1584419760001765,
      0.1527429680027126,
      0.20904294600040885,
      0.15717867100102012,
      0.10266854699875694,
      0.13088623899966478,
      0.15463562199875014,
      0.15181517800010624,
      0.17548101599822985,
      0.16071889500017278,
      0.18355257599978358,
      0.17253610199986724,
      0.166390689999389,
      0.1859153290024551,
      0.1739413789982791,
      0.11829667500205687,
      0.2716218880013912,
      0.1378852210000332,
      0.2279175209987443,
      0.15047183600108838,
      0.20187609200002044,
      0.130618532999506,
      0.19669732799957274,
      0.17823279300137074,
      0.16415142999903765,
      0.15359580499716685,
      0.177177503999701,
      0.21827687899713055,
      0.22549163900112035
    ],
    "cached_run": [
      0.2848878019976837,
      0.271980348003126,
      0.29250926799795707,
      0.30004229100086377,
      0.20856425300007686,
      0.26436458500029403,
      0.22297291900031269,
      0.2245721399995091,
      0.2968866240007628,
      0.23246252500030096,
      0.16247537399976864,
      0.19164740499763866,
      0.22250034100215998,
      0.20447076199707226,
      0.24755137600004673,
      0.2398112270020647,
      0.2677404430032766,
      0.25884039899756317,
      0.2394441510004981,
      0.2725897550008085,
      0.2621110590007447,
      0.1857511029993475,
      0.3404270760001964,
      0.20558521700149868,
      0.29866750500150374,
      0.2246679879972362,
      0.26529095499790856,
      0.19351137000194285,
      0.2658183919993462,
      0.24469812499955879,
      0.25647937299800105,
      0.23450577699986752,
      0.2630280119992676,
      0.32829429299818,
      0.30706924100013566
    ],
    "monthly_revenue_by_customer": [
      0.09674083400022937
    ],
    "generate_insights": [
      7.254689741999755,
      10.382094575001247,
      7.682534792998922,
      10.56915550299891,
      7.824470715000643,
      7.67169673600074,
      8.753299701002106,
      9.908470649002993,
      9.901863346000027,
      6.343689743000141,
      7.697884665998572,
      9.528061028999218,
      10.120458073000918,
      9.21794029800003,
      8.574194705000991,
      13.169216758997209,
      9.266647681000904,
      10.334334601997398,
      7.263551121999626,
      8.862105102998612,
      7.4667532540006505
    ],