{
  "timestamp": "2026-03-27T11:05:27.121232",
  "stats": {
    "forecast_with_confidence": {
      "count": 0,
      "avg": 0.0,
      "min": 0.0,
      "max": 0.0,
      "p95": 0.0,
      "error_rate": 1.0
    },
    "monthly_revenue": {
      "count": 1,
      "avg": 0.009033499984070659,
      "min": 0.009033499984070659,
      "max": 0.009033499984070659,
      "p95": 0.009033499984070659,
      "error_rate": 0.0
    },
    "forecast_revenue_with_explanation": {
      "count": 1,
      "avg": 0.09477690001949668,
      "min": 0.09477690001949668,
      "max": 0.09477690001949668,
      "p95": 0.09477690001949668,
      "error_rate": 0.0
    },
    "forecast_revenue_by_product": {
      "count": 1,
      "avg": 0.3097461999859661,
      "min": 0.3097461999859661,
      "max": 0.3097461999859661,
      "p95": 0.3097461999859661,
      "error_rate": 0.0
    },
    "monthly_revenue_by_product_full": {
      "count": 1,
      "avg": 0.017497899942100048,
      "min": 0.017497899942100048,
      "max": 0.017497899942100048,
      "p95": 0.017497899942100048,
      "error_rate": 0.0
    },
    "generate_insights": {
      "count": 1,
      "avg": 7.605239199940115,
      "min": 7.605239199940115,
      "max": 7.605239199940115,
      "p95": 7.605239199940115,
      "error_rate": 0.0
    }
  },
  "metrics": {
    "monthly_revenue_by_product_full": [
      0.017497899942100048
    ],
    "forecast_revenue_by_product": [
      0.3097461999859661
    ],
    "monthly_revenue": [
      0.009033499984070659
    ],
    "forecast_revenue_with_explanation": [
      0.09477690001949668
    ],
    "generate_insights": [
      7.605239199940115
    ]
  },
  "error_counts": {
    "forecast_with_confidence": 1
  }
}