{
  "timestamp": "2026-03-27T16:29:44.418738",
  "stats": {
    "monthly_revenue_by_product": {
      "count": 1,
      "avg": 0.11472826799945324,
      "min": 0.11472826799945324,
      "max": 0.11472826799945324,
      "p95": 0.11472826799945324,
      "error_rate": 0.0
    },
    "revenue_by_customer": {
      "count": 2,
      "avg": 0.0919450194996898,
      "min": 0.08921609300159616,
      "max": 0.09467394599778345,
      "p95": 0.09467394599778345,
      "error_rate": 0.0
    },
    "monthly_revenue": {
      "count": 2,
      "avg": 0.0949411660003534,
      "min": 0.09344910100116977,
      "max": 0.09643323099953705,
      "p95": 0.09643323099953705,
      "error_rate": 0.0
    },
    "generate_insights": {
      "count": 2,
      "avg": 8.818392158500501,
      "min": 7.254689741999755,
      "max": 10.382094575001247,
      "p95": 10.382094575001247,
      "error_rate": 0.0
    },
    "monthly_revenue_by_customer": {
      "count": 1,
      "avg": 0.09674083400022937,
      "min": 0.09674083400022937,
      "max": 0.09674083400022937,
      "p95": 0.09674083400022937,
      "error_rate": 0.0
    },
    "detect_revenue_spikes": {
      "count": 3,
      "avg": 0.14007303699933496,
      "min": 0.11299308999878122,
      "max": 0.1800647130003199,
      "p95": 0.1800647130003199,
      "error_rate": 0.0
    },
    "cached_run": {
      "count": 4,
      "avg": 0.28735492724990763,
      "min": 0.271980348003126,
      "max": 0.30004229100086377,
      "p95": 0.30004229100086377,
      "error_rate": 0.0
    },
    "run_tool": {
      "count": 4,
      "avg": 0.1701526537490281,
      "min": 0.10982168999908026,
      "max": 0.19327038600022206,
      "p95": 0.19327038600022206,
      "error_rate": 0.0
    },
    "autonomous_run": {
      "count": 1,
      "avg": 10.324267066000175,
      "min": 10.324267066000175,
      "max": 10.324267066000175,
      "p95": 10.324267066000175,
      "error_rate": 0.0
    },
    "revenue_by_product": {
      "count": 2,
      "avg": 0.08027644899993902,
      "min": 0.05950119800036191,
      "max": 0.10105169999951613,
      "p95": 0.10105169999951613,
      "error_rate": 0.0
    },
    "compute_kpis": {
      "count": 1,
      "avg": 0.0797142650008027,
      "min": 0.0797142650008027,
      "max": 0.0797142650008027,
      "p95": 0.0797142650008027,
      "error_rate": 0.0
    }
  },
  "metrics": {
    "compute_kpis": [
      0.0797142650008027
    ],
    "revenue_by_customer": [
      0.08921609300159616,
      0.09467394599778345
    ],
    "revenue_by_product": [
      0.10105169999951613,
      0.05950119800036191
    ],
    "monthly_revenue": [
      0.09643323099953705,
      0.09344910100116977
    ],
    "detect_revenue_spikes": [
      0.1800647130003199,
      0.1271613079989038,
      0.11299308999878122
    ],
    "run_tool": [
      0.19327038600022206,
      0.1882279519995791,
      0.10982168999908026,
      0.189290586997231
    ],
    "cached_run": [
      0.2848878019976837,
      0.271980348003126,
      0.29250926799795707,
      0.30004229100086377
    ],
    "monthly_revenue_by_customer": [
      0.09674083400022937
    ],
    "generate_insights": [
      7.254689741999755,
      10.382094575001247
    ],
    "autonomous_run": [
      10.324267066000175
    ],
    "monthly_revenue_by_product": [
      0.11472826799945324
    ]
  },
  "error_counts": {}
}