{
  "timestamp": "2026-03-27T18:35:12.304960",
  "stats": {
    "generate_insights": {
      "count": 1,
      "avg": 8.58411269984208,
      "min": 8.58411269984208,
      "max": 8.58411269984208,
      "p95": 8.58411269984208,
      "error_rate": 0.0
    },
    "detect_revenue_spikes": {
      "count": 1,
      "avg": 0.06924920016899705,
      "min": 0.06924920016899705,
      "max": 0.06924920016899705,
      "p95": 0.06924920016899705,
      "error_rate": 0.0
    },
    "run_tool": {
      "count": 2,
      "avg": 0.11017875000834465,
      "min": 0.10288759996183217,
      "max": 0.11746990005485713,
      "p95": 0.11746990005485713,
      "error_rate": 0.0
    },
    "revenue_by_product": {
      "count": 1,
      "avg": 0.050996300065889955,
      "min": 0.050996300065889955,
      "max": 0.050996300065889955,
      "p95": 0.050996300065889955,
      "error_rate": 0.0
    },
    "monthly_revenue_by_product": {
      "count": 1,
      "avg": 0.07067860011011362,
      "min": 0.07067860011011362,
      "max": 0.07067860011011362,
      "p95": 0.07067860011011362,
      "error_rate": 0.0
    },
    "cached_run": {
      "count": 2,
      "avg": 0.15892820013687015,
      "min": 0.15191860008053482,
      "max": 0.16593780019320548,
      "p95": 0.16593780019320548,
      "error_rate": 0.0
    }
  },
  "metrics": {
    "revenue_by_product": [
      0.050996300065889955
    ],
    "run_tool": [
      0.10288759996183217,
      0.11746990005485713
    ],
    "cached_run": [
      0.15191860008053482,
      0.16593780019320548
    ],
    "monthly_revenue_by_product": [
      0.07067860011011362
    ],
    "detect_revenue_spikes": [
      0.06924920016899705
    ],
    "generate_insights": [
      8.58411269984208
    ]
  },
  "error_counts": {}
}