{
  "timestamp": "2026-03-27T15:21:51.341871",
  "stats": {
    "forecast_with_confidence": {
      "count": 0,
      "avg": 0.0,
      "min": 0.0,
      "max": 0.0,
      "p95": 0.0,
      "error_rate": 1.0
    },
    "generate_insights": {
      "count": 20,
      "avg": 8.996484934200089,
      "min": 4.611505433000275,
      "max": 15.911901567998939,
      "p95": 15.911901567998939,
      "error_rate": 0.0
    },
    "cached_run": {
      "count": 20,
      "avg": 0.1739224779500546,
      "min": 0.12096876600116957,
      "max": 0.23823879200062947,
      "p95": 0.23823879200062947,
      "error_rate": 0.0
    },
    "monthly_revenue_by_product_full": {
      "count": 10,
      "avg": 0.005482848699830356,
      "min": 0.003744906998690567,
      "max": 0.00795122499948775,
      "p95": 0.00795122499948775,
      "error_rate": 0.0
    },
    "monthly_revenue": {
      "count": 10,
      "avg": 0.034509210500254996,
      "min": 0.030826607000562944,
      "max": 0.039289946000280906,
      "p95": 0.039289946000280906,
      "error_rate": 0.0
    },
    "run_tool": {
      "count": 20,
      "avg": 0.11677829054997346,
      "min": 0.08208034299968858,
      "max": 0.16903721499875246,
      "p95": 0.16903721499875246,
      "error_rate": 0.0
    },
    "forecast_revenue_with_explanation": {
      "count": 10,
      "avg": 0.11153702520023216,
      "min": 0.09792282400121621,
      "max": 0.12526281700047548,
      "p95": 0.12526281700047548,
      "error_rate": 0.0
    },
    "monthly_revenue_by_product": {
      "count": 10,
      "avg": 0.059974333900026974,
      "min": 0.045140277999962564,
      "max": 0.09021595099875412,
      "p95": 0.09021595099875412,
      "error_rate": 0.0
    },
    "autonomous_run": {
      "count": 19,
      "avg": 11.641949699105297,
      "min": 7.0459333039998455,
      "max": 18.234779583999625,
      "p95": 18.234779583999625,
      "error_rate": 0.0
    },
    "forecast_revenue_by_product": {
      "count": 10,
      "avg": 0.2704371371000889,
      "min": 0.22445096499905048,
      "max": 0.36317650500132004,
      "p95": 0.36317650500132004,
      "error_rate": 0.0
    },
    "revenue_by_product": {
      "count": 10,
      "avg": 0.059172979799768655,
      "min": 0.041406458998608286,
      "max": 0.0759760519995325,
      "p95": 0.0759760519995325,
      "error_rate": 0.0
    },
    "detect_revenue_spikes": {
      "count": 20,
      "avg": 0.07628566714965927,
      "min": 0.05602643999918655,
      "max": 0.18561347799914074,
      "p95": 0.18561347799914074,
      "error_rate": 0.0
    }
  },
  "metrics": {
    "revenue_by_product": [
      0.05159929399997054,
      0.041406458998608286,
      0.05593270899953495,
      0.060162939998917864,
      0.061431629001162946,
      0.05427907699959178,
      0.06802904899996065,
      0.04801656500058016,
      0.07489602399982687,
      0.0759760519995325
    ],
    "run_tool": [
      0.10524591500143288,
      0.12115692699990177,
      0.08208034299968858,
      0.0877972750004119,
      0.11284621599952516,
      0.11407719800081395,
      0.11382205800146039,
      0.11468791300103476,
      0.11932824199902825,
      0.11542676700082666,
      0.10128117599924735,
      0.09464345599917579,
      0.1386191659985343,
      0.12961488800101506,
      0.1036309720002464,
      0.08939337699848693,
      0.12854086799961806,
      0.14607559300020512,
      0.1482602460000635,
      0.16903721499875246
    ],
    "cached_run": [
      0.16421912699843233,
      0.17251032500098518,
      0.12096876600116957,
      0.12662003100012953,
      0.16174062000027334,
      0.15849919600077556,
      0.1750728650004021,
      0.18205701800070528,
      0.1782942859990726,
      0.17213790400091966,
      0.14739988400106085,
      0.13412425400019856,
      0.20610494799984735,
      0.19771524199859414,
      0.14790299299966136,
      0.14469196899881354,
      0.2064680799994676,
      0.22779718499987212,
      0.21588607400008186,
      0.23823879200062947
    ],
    "monthly_revenue_by_product": [
      0.057423950000156765,
      0.045140277999962564,
      0.06444925200048601,
      0.05811234400061949,
      0.053922359000353026,
      0.04909779300032824,
      0.06769770400023845,
      0.0453399250000075,
      0.06834378299936361,
      0.09021595099875412
    ],
    "detect_revenue_spikes": [
      0.07679696400009561,
      0.05842047099940828,
      0.07148079999933543,
      0.0728996179987007,
      0.06175837199953094,
      0.05602643999918655,
      0.08225016299911658,
      0.062293401000715676,
      0.18561347799914074,
      0.06634129600024607,
      0.07738683100069466,
      0.07056366100005107,
      0.07258018299944524,
      0.08298705499873904,
      0.06780832599906716,
      0.06878702500034706,
      0.07417583999995259,
      0.06284545099879324,
      0.07375917700119317,
      0.08093879099942569
    ],
    "generate_insights": [
      15.911901567998939,
      13.603100798000014,
      11.55398619799962,
      13.81652048000069,
      12.011857352001243,
      12.793065238000054,
      12.858477472000232,
      13.312778829000308,
      8.123654854000051,
      6.302234755999962,
      5.042669816999478,
      4.611505433000275,
      4.959430165001322,
      6.337632167000265,
      4.690225250000367,
      5.252665560999958,
      4.617807045999143,
      5.194966195000234,
      12.091182852000202,
      6.844036652999421
    ],
    "autonomous_run": [
      18.234779583999625,
      15.499811517000126,
      13.469476158999896,
      16.079407990000618,
      14.335282665000705,
      15.03369190200101,
      16.211549104998994,
      15.545704304000537,
      11.244455160000143,
      8.877540593999584,
      7.6838801379999495,
      7.124598700000206,
      7.706902863999858,
      9.206904685999689,
      7.20289634800065,
      7.9296873080002115,
      7.0459333039998455,
      8.273592002999067,
      14.490949951999937
    ],
    "monthly_revenue_by_product_full": [
      0.00795122499948775,
      0.006440474000555696,
      0.0052361819998623105,
      0.007072295000398299,
      0.004010200000266195,
      0.006241460998353432,
      0.003744906998690567,
      0.0050160170012532035,
      0.003886917998897843,
      0.005228808000538265
    ],
    "forecast_revenue_by_product": [
      0.36317650500132004,
      0.25425693500073976,
      0.2826377159999538,
      0.23733160799929465,
      0.28118238400020346,
      0.3125038250000216,
      0.24401706400021794,
      0.22445096499905048,
      0.2497805729999527,
      0.2550337960001343
    ],
    "monthly_revenue": [
      0.03607985800044844,
      0.033418199000152526,
      0.03404333700018469,
      0.0340403440004593,
      0.03826182800003153,
      0.039289946000280906,
      0.03385488300045836,
      0.030826607000562944,
      0.033894856000188156,
      0.03138224699978309
    ],
    "forecast_revenue_with_explanation": [
      0.12526281700047548,
      0.10903639099888096,
      0.11204159699991578,
      0.11274238100122602,
      0.12137676299971645,
      0.11963677300082054,
      0.10075741800028482,
      0.10891055100000813,
      0.10768273699977726,
      0.09792282400121621
    ]
  },
  "error_counts": {
    "forecast_with_confidence": 10
  }
}