{
  "timestamp": "2026-03-27T12:56:25.023390",
  "stats": {
    "revenue_by_customer": {
      "count": 1,
      "avg": 0.03242041199973755,
      "min": 0.03242041199973755,
      "max": 0.03242041199973755,
      "p95": 0.03242041199973755,
      "error_rate": 0.0
    },
    "compute_kpis": {
      "count": 1,
      "avg": 0.034075640000082785,
      "min": 0.034075640000082785,
      "max": 0.034075640000082785,
      "p95": 0.034075640000082785,
      "error_rate": 0.0
    },
    "revenue_by_product": {
      "count": 2,
      "avg": 0.02829172949986969,
      "min": 0.024612369000351464,
      "max": 0.031971089999387914,
      "p95": 0.031971089999387914,
      "error_rate": 0.0
    },
    "monthly_revenue": {
      "count": 2,
      "avg": 0.03195488200026375,
      "min": 0.03145330000006652,
      "max": 0.03245646400046098,
      "p95": 0.03245646400046098,
      "error_rate": 0.0
    },
    "run_tool": {
      "count": 2,
      "avg": 0.062123393500314705,
      "min": 0.06139286899997387,
      "max": 0.06285391800065554,
      "p95": 0.06285391800065554,
      "error_rate": 0.0
    },
    "monthly_revenue_by_product": {
      "count": 1,
      "avg": 0.035103029000310926,
      "min": 0.035103029000310926,
      "max": 0.035103029000310926,
      "p95": 0.035103029000310926,
      "error_rate": 0.0
    },
    "generate_insights": {
      "count": 1,
      "avg": 7.817751896999653,
      "min": 7.817751896999653,
      "max": 7.817751896999653,
      "p95": 7.817751896999653,
      "error_rate": 0.0
    },
    "detect_revenue_spikes": {
      "count": 1,
      "avg": 0.05839788199955365,
      "min": 0.05839788199955365,
      "max": 0.05839788199955365,
      "p95": 0.05839788199955365,
      "error_rate": 0.0
    },
    "cached_run": {
      "count": 2,
      "avg": 0.0876973155000087,
      "min": 0.08735382899976685,
      "max": 0.08804080200025055,
      "p95": 0.08804080200025055,
      "error_rate": 0.0
    }
  },
  "metrics": {
    "compute_kpis": [
      0.034075640000082785
    ],
    "revenue_by_customer": [
      0.03242041199973755
    ],
    "revenue_by_product": [
      0.024612369000351464,
      0.031971089999387914
    ],
    "monthly_revenue": [
      0.03245646400046098,
      0.03145330000006652
    ],
    "detect_revenue_spikes": [
      0.05839788199955365
    ],
    "run_tool": [
      0.06285391800065554,
      0.06139286899997387
    ],
    "cached_run": [
      0.08735382899976685,
      0.08804080200025055
    ],
    "monthly_revenue_by_product": [
      0.035103029000310926
    ],
    "generate_insights": [
      7.817751896999653
    ]
  },
  "error_counts": {}
}