{
  "timestamp": "2026-03-27T14:39:56.098282",
  "stats": {
    "run_tool": {
      "count": 8,
      "avg": 0.09007449350042407,
      "min": 0.06586358900131017,
      "max": 0.13616406500113953,
      "p95": 0.13616406500113953,
      "error_rate": 0.0
    },
    "cached_run": {
      "count": 8,
      "avg": 0.12838232487501955,
      "min": 0.09438575700005458,
      "max": 0.1825761860000057,
      "p95": 0.1825761860000057,
      "error_rate": 0.0
    },
    "autonomous_run": {
      "count": 3,
      "avg": 13.270134868666597,
      "min": 11.076586428000155,
      "max": 14.525969002001148,
      "p95": 14.525969002001148,
      "error_rate": 0.0
    },
    "monthly_revenue_by_product": {
      "count": 4,
      "avg": 0.051737739499913005,
      "min": 0.037415894999867305,
      "max": 0.07317264999983308,
      "p95": 0.07317264999983308,
      "error_rate": 0.0
    },
    "revenue_by_product": {
      "count": 4,
      "avg": 0.045271311750184395,
      "min": 0.03217109300021548,
      "max": 0.058644824999646517,
      "p95": 0.058644824999646517,
      "error_rate": 0.0
    },
    "generate_insights": {
      "count": 4,
      "avg": 12.10471556099992,
      "min": 8.762277796999115,
      "max": 15.478498054999363,
      "p95": 15.478498054999363,
      "error_rate": 0.0
    }
  },
  "metrics": {
    "revenue_by_product": [
      0.04308932400090271,
      0.058644824999646517,
      0.04718000499997288,
      0.03217109300021548
    ],
    "run_tool": [
      0.07511423299911257,
      0.0795632730005309,
      0.11669595900093555,
      0.13616406500113953,
      0.08724862900089647,
      0.09030731599887076,
      0.06963888400059659,
      0.06586358900131017
    ],
    "cached_run": [
      0.10446575899914023,
      0.12128809999921941,
      0.17103672200028086,
      0.1825761860000057,
      0.12121931100045913,
      0.12616247900041344,
      0.10592428500058304,
      0.09438575700005458
    ],
    "monthly_revenue_by_product": [
      0.04898885900001915,
      0.07317264999983308,
      0.04737355399993248,
      0.037415894999867305
    ],
    "generate_insights": [
      12.427714422001372,
      8.762277796999115,
      11.750371969999833,
      15.478498054999363
    ],
    "autonomous_run": [
      14.525969002001148,
      11.076586428000155,
      14.20784917599849
    ]
  },
  "error_counts": {}
}