{
  "timestamp": "2026-03-21T17:28:06.644819",
  "stats": {
    "monthly_profit": {
      "count": 1,
      "avg": 0.009796499973163009,
      "min": 0.009796499973163009,
      "max": 0.009796499973163009,
      "p95": 0.009796499973163009,
      "error_rate": 0.0
    },
    "cached_run": {
      "count": 4,
      "avg": 0.030582174978917465,
      "min": 0.02446420001797378,
      "max": 0.0379141999874264,
      "p95": 0.0379141999874264,
      "error_rate": 0.0
    },
    "generate_insights": {
      "count": 1,
      "avg": 7.42273039999418,
      "min": 7.42273039999418,
      "max": 7.42273039999418,
      "p95": 7.42273039999418,
      "error_rate": 0.0
    },
    "detect_revenue_spikes": {
      "count": 1,
      "avg": 0.019609399954788387,
      "min": 0.019609399954788387,
      "max": 0.019609399954788387,
      "p95": 0.019609399954788387,
      "error_rate": 0.0
    },
    "monthly_growth": {
      "count": 1,
      "avg": 0.021430799970403314,
      "min": 0.021430799970403314,
      "max": 0.021430799970403314,
      "p95": 0.021430799970403314,
      "error_rate": 0.0
    },
    "compute_kpis": {
      "count": 1,
      "avg": 0.009401899995282292,
      "min": 0.009401899995282292,
      "max": 0.009401899995282292,
      "p95": 0.009401899995282292,
      "error_rate": 0.0
    },
    "run_tool": {
      "count": 4,
      "avg": 0.023110550013370812,
      "min": 0.0167617000406608,
      "max": 0.030633299960754812,
      "p95": 0.030633299960754812,
      "error_rate": 0.0
    },
    "monthly_revenue": {
      "count": 2,
      "avg": 0.01107885001692921,
      "min": 0.010608099983073771,
      "max": 0.011549600050784647,
      "p95": 0.011549600050784647,
      "error_rate": 0.0
    }
  },
  "metrics": {
    "compute_kpis": [
      0.009401899995282292
    ],
    "run_tool": [
      0.0167617000406608,
      0.030633299960754812,
      0.017331100068986416,
      0.02771609998308122
    ],
    "cached_run": [
      0.02446420001797378,
      0.0379141999874264,
      0.024666399927809834,
      0.03528389998245984
    ],
    "monthly_revenue": [
      0.011549600050784647,
      0.010608099983073771
    ],
    "monthly_growth": [
      0.021430799970403314
    ],
    "monthly_profit": [
      0.009796499973163009
    ],
    "detect_revenue_spikes": [
      0.019609399954788387
    ],
    "generate_insights": [
      7.42273039999418
    ]
  },
  "error_counts": {}
}