{
  "timestamp": "2026-03-16T11:19:07.818410",
  "stats": {
    "run_tool": {
      "count": 4,
      "avg": 0.06987939999089576,
      "min": 0.03567809995729476,
      "max": 0.10289959999499843,
      "p95": 0.10289959999499843,
      "error_rate": 0.0
    },
    "generate_insights": {
      "count": 3,
      "avg": 6.616728966667627,
      "min": 4.888157000008505,
      "max": 8.986445799993817,
      "p95": 8.986445799993817,
      "error_rate": 0.0
    },
    "autonomous_run": {
      "count": 2,
      "avg": 9.260510399966734,
      "min": 7.465151899959892,
      "max": 11.055868899973575,
      "p95": 11.055868899973575,
      "error_rate": 0.0
    },
    "cached_run": {
      "count": 4,
      "avg": 0.08385224999801721,
      "min": 0.047634399961680174,
      "max": 0.1170319999800995,
      "p95": 0.1170319999800995,
      "error_rate": 0.0
    },
    "monthly_revenue_by_customer": {
      "count": 3,
      "avg": 0.06725273333722726,
      "min": 0.04665269999532029,
      "max": 0.08838400000240654,
      "p95": 0.08838400000240654,
      "error_rate": 0.0
    },
    "revenue_by_customer": {
      "count": 1,
      "avg": 0.01658930000849068,
      "min": 0.01658930000849068,
      "max": 0.01658930000849068,
      "p95": 0.01658930000849068,
      "error_rate": 0.0
    }
  },
  "metrics": {
    "monthly_revenue_by_customer": [
      0.08838400000240654,
      0.04665269999532029,
      0.06672150001395494
    ],
    "run_tool": [
      0.10289959999499843,
      0.03567809995729476,
      0.05893380002817139,
      0.08200609998311847
    ],
    "cached_run": [
      0.1170319999800995,
      0.047634399961680174,
      0.07266920001711696,
      0.09807340003317222
    ],
    "generate_insights": [
      5.97558410000056,
      8.986445799993817,
      4.888157000008505
    ],
    "autonomous_run": [
      7.465151899959892,
      11.055868899973575
    ],
    "revenue_by_customer": [
      0.01658930000849068
    ]
  },
  "error_counts": {}
}