{
  "timestamp": "2026-03-19T11:59:51.551151",
  "stats": {
    "autonomous_run": {
      "count": 1,
      "avg": 7.676993899978697,
      "min": 7.676993899978697,
      "max": 7.676993899978697,
      "p95": 7.676993899978697,
      "error_rate": 0.0
    },
    "revenue_by_product": {
      "count": 3,
      "avg": 0.02867803330688427,
      "min": 0.02474879997316748,
      "max": 0.03213890001643449,
      "p95": 0.03213890001643449,
      "error_rate": 0.0
    },
    "run_tool": {
      "count": 2,
      "avg": 0.05115605000173673,
      "min": 0.045019299956038594,
      "max": 0.057292800047434866,
      "p95": 0.057292800047434866,
      "error_rate": 0.0
    },
    "cached_run": {
      "count": 2,
      "avg": 0.07176750001963228,
      "min": 0.06333400006406009,
      "max": 0.08020099997520447,
      "p95": 0.08020099997520447,
      "error_rate": 0.0
    },
    "compute_kpis": {
      "count": 1,
      "avg": 0.025256199995055795,
      "min": 0.025256199995055795,
      "max": 0.025256199995055795,
      "p95": 0.025256199995055795,
      "error_rate": 0.0
    },
    "revenue_by_customer": {
      "count": 1,
      "avg": 0.029406199930235744,
      "min": 0.029406199930235744,
      "max": 0.029406199930235744,
      "p95": 0.029406199930235744,
      "error_rate": 0.0
    },
    "generate_insights": {
      "count": 2,
      "avg": 5.03489399998216,
      "min": 5.005774299963377,
      "max": 5.064013700000942,
      "p95": 5.064013700000942,
      "error_rate": 0.0
    },
    "monthly_revenue": {
      "count": 2,
      "avg": 0.032317800039891154,
      "min": 0.030704500037245452,
      "max": 0.033931100042536855,
      "p95": 0.033931100042536855,
      "error_rate": 0.0
    },
    "detect_revenue_spikes": {
      "count": 1,
      "avg": 0.031045799958519638,
      "min": 0.031045799958519638,
      "max": 0.031045799958519638,
      "p95": 0.031045799958519638,
      "error_rate": 0.0
    }
  },
  "metrics": {
    "revenue_by_product": [
      0.02474879997316748,
      0.029146399931050837,
      0.03213890001643449
    ],
    "run_tool": [
      0.045019299956038594,
      0.057292800047434866
    ],
    "cached_run": [
      0.06333400006406009,
      0.08020099997520447
    ],
    "generate_insights": [
      5.005774299963377,
      5.064013700000942
    ],
    "autonomous_run": [
      7.676993899978697
    ],
    "compute_kpis": [
      0.025256199995055795
    ],
    "revenue_by_customer": [
      0.029406199930235744
    ],
    "monthly_revenue": [
      0.033931100042536855,
      0.030704500037245452
    ],
    "detect_revenue_spikes": [
      0.031045799958519638
    ]
  },
  "error_counts": {}
}