{
  "timestamp": "2026-03-21T17:20:11.604764",
  "stats": {
    "monthly_growth": {
      "count": 1,
      "avg": 0.016725499997846782,
      "min": 0.016725499997846782,
      "max": 0.016725499997846782,
      "p95": 0.016725499997846782,
      "error_rate": 0.0
    },
    "generate_insights": {
      "count": 1,
      "avg": 6.58781179995276,
      "min": 6.58781179995276,
      "max": 6.58781179995276,
      "p95": 6.58781179995276,
      "error_rate": 0.0
    },
    "run_tool": {
      "count": 5,
      "avg": 0.019916919968090953,
      "min": 0.0161388999549672,
      "max": 0.026015999959781766,
      "p95": 0.026015999959781766,
      "error_rate": 0.0
    },
    "compute_kpis": {
      "count": 1,
      "avg": 0.010607399977743626,
      "min": 0.010607399977743626,
      "max": 0.010607399977743626,
      "p95": 0.010607399977743626,
      "error_rate": 0.0
    },
    "detect_seasonality": {
      "count": 1,
      "avg": 0.009968800004571676,
      "min": 0.009968800004571676,
      "max": 0.009968800004571676,
      "p95": 0.009968800004571676,
      "error_rate": 0.0
    },
    "monthly_revenue": {
      "count": 3,
      "avg": 0.010143033345229924,
      "min": 0.00967220007441938,
      "max": 0.010818899958394468,
      "p95": 0.010818899958394468,
      "error_rate": 0.0
    },
    "cached_run": {
      "count": 5,
      "avg": 0.02661332003772259,
      "min": 0.022142300033010542,
      "max": 0.03322990005835891,
      "p95": 0.03322990005835891,
      "error_rate": 0.0
    },
    "detect_revenue_spikes": {
      "count": 1,
      "avg": 0.01840910001192242,
      "min": 0.01840910001192242,
      "max": 0.01840910001192242,
      "p95": 0.01840910001192242,
      "error_rate": 0.0
    },
    "monthly_profit": {
      "count": 1,
      "avg": 0.009329299908131361,
      "min": 0.009329299908131361,
      "max": 0.009329299908131361,
      "p95": 0.009329299908131361,
      "error_rate": 0.0
    }
  },
  "metrics": {
    "compute_kpis": [
      0.010607399977743626
    ],
    "run_tool": [
      0.018356699962168932,
      0.0161388999549672,
      0.022598300012759864,
      0.026015999959781766,
      0.016474699950776994
    ],
    "cached_run": [
      0.02396370004862547,
      0.022142300033010542,
      0.02877420000731945,
      0.03322990005835891,
      0.024956500041298568
    ],
    "monthly_profit": [
      0.009329299908131361
    ],
    "monthly_revenue": [
      0.00967220007441938,
      0.010818899958394468,
      0.009938000002875924
    ],
    "monthly_growth": [
      0.016725499997846782
    ],
    "detect_revenue_spikes": [
      0.01840910001192242
    ],
    "detect_seasonality": [
      0.009968800004571676
    ],
    "generate_insights": [
      6.58781179995276
    ]
  },
  "error_counts": {}
}