{
  "timestamp": "2026-03-27T16:20:57.051668",
  "stats": {
    "detect_revenue_spikes": {
      "count": 1,
      "avg": 0.054717399878427386,
      "min": 0.054717399878427386,
      "max": 0.054717399878427386,
      "p95": 0.054717399878427386,
      "error_rate": 0.0
    },
    "run_tool": {
      "count": 2,
      "avg": 0.08811929996591061,
      "min": 0.07907569990493357,
      "max": 0.09716290002688766,
      "p95": 0.09716290002688766,
      "error_rate": 0.0
    },
    "generate_insights": {
      "count": 1,
      "avg": 10.772186600137502,
      "min": 10.772186600137502,
      "max": 10.772186600137502,
      "p95": 10.772186600137502,
      "error_rate": 0.0
    },
    "monthly_revenue_by_customer": {
      "count": 1,
      "avg": 0.05533630005083978,
      "min": 0.05533630005083978,
      "max": 0.05533630005083978,
      "p95": 0.05533630005083978,
      "error_rate": 0.0
    },
    "revenue_by_customer": {
      "count": 1,
      "avg": 0.04544199979864061,
      "min": 0.04544199979864061,
      "max": 0.04544199979864061,
      "p95": 0.04544199979864061,
      "error_rate": 0.0
    },
    "cached_run": {
      "count": 2,
      "avg": 0.1324848998337984,
      "min": 0.12113729980774224,
      "max": 0.14383249985985458,
      "p95": 0.14383249985985458,
      "error_rate": 0.0
    }
  },
  "metrics": {
    "revenue_by_customer": [
      0.04544199979864061
    ],
    "run_tool": [
      0.07907569990493357,
      0.09716290002688766
    ],
    "cached_run": [
      0.12113729980774224,
      0.14383249985985458
    ],
    "monthly_revenue_by_customer": [
      0.05533630005083978
    ],
    "detect_revenue_spikes": [
      0.054717399878427386
    ],
    "generate_insights": [
      10.772186600137502
    ]
  },
  "error_counts": {}
}