{
  "timestamp": "2026-03-21T19:07:50.201564",
  "stats": {
    "autonomous_run": {
      "count": 1,
      "avg": 8.201614271999915,
      "min": 8.201614271999915,
      "max": 8.201614271999915,
      "p95": 8.201614271999915,
      "error_rate": 0.0
    },
    "cached_run": {
      "count": 1,
      "avg": 0.14975390099994002,
      "min": 0.14975390099994002,
      "max": 0.14975390099994002,
      "p95": 0.14975390099994002,
      "error_rate": 0.0
    },
    "monthly_revenue": {
      "count": 1,
      "avg": 0.026977583999951094,
      "min": 0.026977583999951094,
      "max": 0.026977583999951094,
      "p95": 0.026977583999951094,
      "error_rate": 0.0
    },
    "generate_insights": {
      "count": 2,
      "avg": 5.099158091500044,
      "min": 4.517768738000086,
      "max": 5.680547445000002,
      "p95": 5.680547445000002,
      "error_rate": 0.0
    },
    "monthly_revenue_by_customer": {
      "count": 1,
      "avg": 0.05767627399995945,
      "min": 0.05767627399995945,
      "max": 0.05767627399995945,
      "p95": 0.05767627399995945,
      "error_rate": 0.0
    },
    "forecast_revenue_by_product": {
      "count": 1,
      "avg": 0.32556491099990126,
      "min": 0.32556491099990126,
      "max": 0.32556491099990126,
      "p95": 0.32556491099990126,
      "error_rate": 0.0
    },
    "run_tool": {
      "count": 1,
      "avg": 0.10850263700012874,
      "min": 0.10850263700012874,
      "max": 0.10850263700012874,
      "p95": 0.10850263700012874,
      "error_rate": 0.0
    },
    "monthly_revenue_by_product_full": {
      "count": 1,
      "avg": 0.01744246600014776,
      "min": 0.01744246600014776,
      "max": 0.01744246600014776,
      "p95": 0.01744246600014776,
      "error_rate": 0.0
    },
    "forecast_revenue_with_explanation": {
      "count": 1,
      "avg": 0.09697740900014651,
      "min": 0.09697740900014651,
      "max": 0.09697740900014651,
      "p95": 0.09697740900014651,
      "error_rate": 0.0
    },
    "forecast_with_confidence": {
      "count": 0,
      "avg": 0.0,
      "min": 0.0,
      "max": 0.0,
      "p95": 0.0,
      "error_rate": 1.0
    }
  },
  "metrics": {
    "monthly_revenue_by_product_full": [
      0.01744246600014776
    ],
    "forecast_revenue_by_product": [
      0.32556491099990126
    ],
    "monthly_revenue": [
      0.026977583999951094
    ],
    "forecast_revenue_with_explanation": [
      0.09697740900014651
    ],
    "generate_insights": [
      5.680547445000002,
      4.517768738000086
    ],
    "autonomous_run": [
      8.201614271999915
    ],
    "monthly_revenue_by_customer": [
      0.05767627399995945
    ],
    "run_tool": [
      0.10850263700012874
    ],
    "cached_run": [
      0.14975390099994002
    ]
  },
  "error_counts": {
    "forecast_with_confidence": 1
  }
}