{
  "timestamp": "2026-03-19T09:23:03.298583",
  "stats": {
    "generate_insights": {
      "count": 2,
      "avg": 6.980753499956336,
      "min": 6.65056639991235,
      "max": 7.310940600000322,
      "p95": 7.310940600000322,
      "error_rate": 0.0
    },
    "cached_run": {
      "count": 2,
      "avg": 0.053202099923510104,
      "min": 0.046011899947188795,
      "max": 0.060392299899831414,
      "p95": 0.060392299899831414,
      "error_rate": 0.0
    },
    "autonomous_run": {
      "count": 1,
      "avg": 9.362273199949414,
      "min": 9.362273199949414,
      "max": 9.362273199949414,
      "p95": 9.362273199949414,
      "error_rate": 0.0
    },
    "monthly_revenue": {
      "count": 6,
      "avg": 0.02081056668733557,
      "min": 0.01881919999141246,
      "max": 0.02377239998895675,
      "p95": 0.02377239998895675,
      "error_rate": 0.0
    },
    "run_tool": {
      "count": 2,
      "avg": 0.03831149998586625,
      "min": 0.03176990000065416,
      "max": 0.044853099971078336,
      "p95": 0.044853099971078336,
      "error_rate": 0.0
    },
    "revenue_by_customer": {
      "count": 3,
      "avg": 0.021501166668410104,
      "min": 0.020725400070659816,
      "max": 0.02286130003631115,
      "p95": 0.02286130003631115,
      "error_rate": 0.0
    },
    "detect_revenue_spikes": {
      "count": 3,
      "avg": 0.035422500067700945,
      "min": 0.03422680008225143,
      "max": 0.03626790002454072,
      "p95": 0.03626790002454072,
      "error_rate": 0.0
    },
    "compute_kpis": {
      "count": 3,
      "avg": 0.01997403334826231,
      "min": 0.017735400004312396,
      "max": 0.02197530004195869,
      "p95": 0.02197530004195869,
      "error_rate": 0.0
    },
    "revenue_by_product": {
      "count": 5,
      "avg": 0.018578960001468657,
      "min": 0.016287700040265918,
      "max": 0.023630399955436587,
      "p95": 0.023630399955436587,
      "error_rate": 0.0
    }
  },
  "metrics": {
    "compute_kpis": [
      0.020211399998515844,
      0.017735400004312396,
      0.02197530004195869
    ],
    "revenue_by_customer": [
      0.020725400070659816,
      0.02091679989825934,
      0.02286130003631115
    ],
    "revenue_by_product": [
      0.017064100014977157,
      0.016287700040265918,
      0.023630399955436587,
      0.018725199974142015,
      0.017187400022521615
    ],
    "monthly_revenue": [
      0.021037800004705787,
      0.01881919999141246,
      0.020358500070869923,
      0.02032340003643185,
      0.02377239998895675,
      0.020552100031636655
    ],
    "detect_revenue_spikes": [
      0.03422680008225143,
      0.035772800096310675,
      0.03626790002454072
    ],
    "run_tool": [
      0.044853099971078336,
      0.03176990000065416
    ],
    "cached_run": [
      0.060392299899831414,
      0.046011899947188795
    ],
    "generate_insights": [
      6.65056639991235,
      7.310940600000322
    ],
    "autonomous_run": [
      9.362273199949414
    ]
  },
  "error_counts": {}
}