{
  "timestamp": "2026-03-21T17:38:46.227570",
  "stats": {
    "cached_run": {
      "count": 2,
      "avg": 0.10617824998917058,
      "min": 0.10503009997773916,
      "max": 0.107326400000602,
      "p95": 0.107326400000602,
      "error_rate": 0.0
    },
    "forecast_with_confidence": {
      "count": 1,
      "avg": 0.08585859998129308,
      "min": 0.08585859998129308,
      "max": 0.08585859998129308,
      "p95": 0.08585859998129308,
      "error_rate": 0.0
    },
    "forecast_revenue_with_explanation": {
      "count": 1,
      "avg": 0.08607760001905262,
      "min": 0.08607760001905262,
      "max": 0.08607760001905262,
      "p95": 0.08607760001905262,
      "error_rate": 0.0
    },
    "monthly_revenue": {
      "count": 2,
      "avg": 0.015612549963407218,
      "min": 0.015405099955387414,
      "max": 0.015819999971427023,
      "p95": 0.015819999971427023,
      "error_rate": 0.0
    },
    "generate_insights": {
      "count": 1,
      "avg": 4.775782499928027,
      "min": 4.775782499928027,
      "max": 4.775782499928027,
      "p95": 4.775782499928027,
      "error_rate": 0.0
    },
    "run_tool": {
      "count": 2,
      "avg": 0.09624985000118613,
      "min": 0.09561310010030866,
      "max": 0.09688659990206361,
      "p95": 0.09688659990206361,
      "error_rate": 0.0
    }
  },
  "metrics": {
    "monthly_revenue": [
      0.015819999971427023,
      0.015405099955387414
    ],
    "forecast_revenue_with_explanation": [
      0.08607760001905262
    ],
    "run_tool": [
      0.09688659990206361,
      0.09561310010030866
    ],
    "cached_run": [
      0.107326400000602,
      0.10503009997773916
    ],
    "forecast_with_confidence": [
      0.08585859998129308
    ],
    "generate_insights": [
      4.775782499928027
    ]
  },
  "error_counts": {}
}