{
  "timestamp": "2026-03-26T17:11:55.853474",
  "stats": {
    "revenue_by_customer": {
      "count": 1,
      "avg": 0.032795033999718726,
      "min": 0.032795033999718726,
      "max": 0.032795033999718726,
      "p95": 0.032795033999718726,
      "error_rate": 0.0
    },
    "detect_revenue_spikes": {
      "count": 1,
      "avg": 0.05974316399988311,
      "min": 0.05974316399988311,
      "max": 0.05974316399988311,
      "p95": 0.05974316399988311,
      "error_rate": 0.0
    },
    "revenue_by_product": {
      "count": 2,
      "avg": 0.025737768000908545,
      "min": 0.022734592001143028,
      "max": 0.028740944000674062,
      "p95": 0.028740944000674062,
      "error_rate": 0.0
    },
    "compute_kpis": {
      "count": 1,
      "avg": 0.0326235930006078,
      "min": 0.0326235930006078,
      "max": 0.0326235930006078,
      "p95": 0.0326235930006078,
      "error_rate": 0.0
    },
    "monthly_revenue": {
      "count": 2,
      "avg": 0.03962809949916846,
      "min": 0.03166716999839991,
      "max": 0.047589028999937,
      "p95": 0.047589028999937,
      "error_rate": 0.0
    },
    "run_tool": {
      "count": 1,
      "avg": 0.04898434599999746,
      "min": 0.04898434599999746,
      "max": 0.04898434599999746,
      "p95": 0.04898434599999746,
      "error_rate": 0.0
    },
    "generate_insights": {
      "count": 1,
      "avg": 5.444247164999979,
      "min": 5.444247164999979,
      "max": 5.444247164999979,
      "p95": 5.444247164999979,
      "error_rate": 0.0
    },
    "cached_run": {
      "count": 1,
      "avg": 0.07569573799992213,
      "min": 0.07569573799992213,
      "max": 0.07569573799992213,
      "p95": 0.07569573799992213,
      "error_rate": 0.0
    }
  },
  "metrics": {
    "compute_kpis": [
      0.0326235930006078
    ],
    "revenue_by_customer": [
      0.032795033999718726
    ],
    "revenue_by_product": [
      0.028740944000674062,
      0.022734592001143028
    ],
    "monthly_revenue": [
      0.047589028999937,
      0.03166716999839991
    ],
    "detect_revenue_spikes": [
      0.05974316399988311
    ],
    "run_tool": [
      0.04898434599999746
    ],
    "cached_run": [
      0.07569573799992213
    ],
    "generate_insights": [
      5.444247164999979
    ]
  },
  "error_counts": {}
}