{
  "timestamp": "2026-03-16T11:19:58.720399",
  "stats": {
    "run_tool": {
      "count": 7,
      "avg": 0.06878951428890494,
      "min": 0.03567809995729476,
      "max": 0.10289959999499843,
      "p95": 0.10289959999499843,
      "error_rate": 0.0
    },
    "generate_insights": {
      "count": 5,
      "avg": 5.884293880010955,
      "min": 4.6812966000288725,
      "max": 8.986445799993817,
      "p95": 8.986445799993817,
      "error_rate": 0.0
    },
    "autonomous_run": {
      "count": 4,
      "avg": 7.991839249982149,
      "min": 6.132059000025038,
      "max": 11.055868899973575,
      "p95": 11.055868899973575,
      "error_rate": 0.0
    },
    "cached_run": {
      "count": 7,
      "avg": 0.08550118570149477,
      "min": 0.047634399961680174,
      "max": 0.1170319999800995,
      "p95": 0.1170319999800995,
      "error_rate": 0.0
    },
    "monthly_revenue_by_customer": {
      "count": 5,
      "avg": 0.06607372000580654,
      "min": 0.04665269999532029,
      "max": 0.08838400000240654,
      "p95": 0.08838400000240654,
      "error_rate": 0.0
    },
    "revenue_by_customer": {
      "count": 2,
      "avg": 0.01948919999995269,
      "min": 0.01658930000849068,
      "max": 0.022389099991414696,
      "p95": 0.022389099991414696,
      "error_rate": 0.0
    }
  },
  "metrics": {
    "monthly_revenue_by_customer": [
      0.08838400000240654,
      0.04665269999532029,
      0.06672150001395494,
      0.06239070004085079,
      0.06621969997650012
    ],
    "run_tool": [
      0.10289959999499843,
      0.03567809995729476,
      0.05893380002817139,
      0.08200609998311847,
      0.038842500012833625,
      0.07935050001833588,
      0.08381600002758205
    ],
    "cached_run": [
      0.1170319999800995,
      0.047634399961680174,
      0.07266920001711696,
      0.09807340003317222,
      0.06681469996692613,
      0.09434339997824281,
      0.1019411999732256
    ],
    "generate_insights": [
      5.97558410000056,
      8.986445799993817,
      4.888157000008505,
      4.889985900023021,
      4.6812966000288725
    ],
    "autonomous_run": [
      7.465151899959892,
      11.055868899973575,
      6.132059000025038,
      7.314277199970093
    ],
    "revenue_by_customer": [
      0.01658930000849068,
      0.022389099991414696
    ]
  },
  "error_counts": {}
}