{
  "timestamp": "2026-03-29T12:53:46.617693",
  "stats": {
    "cached_run": {
      "count": 2,
      "avg": 0.09654977450009028,
      "min": 0.08188671900006739,
      "max": 0.11121283000011317,
      "p95": 0.11121283000011317,
      "error_rate": 0.0
    },
    "generate_insights": {
      "count": 1,
      "avg": 6.36427473599997,
      "min": 6.36427473599997,
      "max": 6.36427473599997,
      "p95": 6.36427473599997,
      "error_rate": 0.0
    },
    "run_tool": {
      "count": 2,
      "avg": 0.07131076300015593,
      "min": 0.06235027100001389,
      "max": 0.08027125500029797,
      "p95": 0.08027125500029797,
      "error_rate": 0.0
    },
    "revenue_by_product": {
      "count": 1,
      "avg": 0.03160393899997871,
      "min": 0.03160393899997871,
      "max": 0.03160393899997871,
      "p95": 0.03160393899997871,
      "error_rate": 0.0
    },
    "detect_revenue_spikes": {
      "count": 1,
      "avg": 0.04266566900014368,
      "min": 0.04266566900014368,
      "max": 0.04266566900014368,
      "p95": 0.04266566900014368,
      "error_rate": 0.0
    },
    "monthly_revenue_by_product": {
      "count": 1,
      "avg": 0.05186928300008731,
      "min": 0.05186928300008731,
      "max": 0.05186928300008731,
      "p95": 0.05186928300008731,
      "error_rate": 0.0
    }
  },
  "metrics": {
    "revenue_by_product": [
      0.03160393899997871
    ],
    "run_tool": [
      0.06235027100001389,
      0.08027125500029797
    ],
    "cached_run": [
      0.08188671900006739,
      0.11121283000011317
    ],
    "monthly_revenue_by_product": [
      0.05186928300008731
    ],
    "detect_revenue_spikes": [
      0.04266566900014368
    ],
    "generate_insights": [
      6.36427473599997
    ]
  },
  "error_counts": {}
}