{
  "timestamp": "2026-03-27T16:10:06.728378",
  "stats": {
    "monthly_revenue_by_customer": {
      "count": 1,
      "avg": 0.07300989981740713,
      "min": 0.07300989981740713,
      "max": 0.07300989981740713,
      "p95": 0.07300989981740713,
      "error_rate": 0.0
    },
    "cached_run": {
      "count": 1,
      "avg": 0.1477536999154836,
      "min": 0.1477536999154836,
      "max": 0.1477536999154836,
      "p95": 0.1477536999154836,
      "error_rate": 0.0
    },
    "generate_insights": {
      "count": 1,
      "avg": 4.740987699944526,
      "min": 4.740987699944526,
      "max": 4.740987699944526,
      "p95": 4.740987699944526,
      "error_rate": 0.0
    },
    "detect_revenue_spikes": {
      "count": 1,
      "avg": 0.06613689986988902,
      "min": 0.06613689986988902,
      "max": 0.06613689986988902,
      "p95": 0.06613689986988902,
      "error_rate": 0.0
    },
    "run_tool": {
      "count": 1,
      "avg": 0.11034930008463562,
      "min": 0.11034930008463562,
      "max": 0.11034930008463562,
      "p95": 0.11034930008463562,
      "error_rate": 0.0
    }
  },
  "metrics": {
    "monthly_revenue_by_customer": [
      0.07300989981740713
    ],
    "run_tool": [
      0.11034930008463562
    ],
    "cached_run": [
      0.1477536999154836
    ],
    "detect_revenue_spikes": [
      0.06613689986988902
    ],
    "generate_insights": [
      4.740987699944526
    ]
  },
  "error_counts": {}
}