{
  "timestamp": "2026-03-16T11:37:10.081004",
  "stats": {
    "revenue_by_customer": {
      "count": 1,
      "avg": 0.018855699978303164,
      "min": 0.018855699978303164,
      "max": 0.018855699978303164,
      "p95": 0.018855699978303164,
      "error_rate": 0.0
    },
    "generate_insights": {
      "count": 2,
      "avg": 5.204975900007412,
      "min": 5.142804000002798,
      "max": 5.267147800012026,
      "p95": 5.267147800012026,
      "error_rate": 0.0
    },
    "monthly_revenue_by_customer": {
      "count": 2,
      "avg": 0.042247300007147714,
      "min": 0.03585179999936372,
      "max": 0.04864280001493171,
      "p95": 0.04864280001493171,
      "error_rate": 0.0
    },
    "cached_run": {
      "count": 3,
      "avg": 0.06578560000828777,
      "min": 0.054071699967607856,
      "max": 0.07896060001803562,
      "p95": 0.07896060001803562,
      "error_rate": 0.0
    },
    "autonomous_run": {
      "count": 1,
      "avg": 7.024796000041533,
      "min": 7.024796000041533,
      "max": 7.024796000041533,
      "p95": 7.024796000041533,
      "error_rate": 0.0
    },
    "run_tool": {
      "count": 3,
      "avg": 0.049190800035527595,
      "min": 0.03729230002500117,
      "max": 0.0633452000329271,
      "p95": 0.0633452000329271,
      "error_rate": 0.0
    }
  },
  "metrics": {
    "monthly_revenue_by_customer": [
      0.04864280001493171,
      0.03585179999936372
    ],
    "run_tool": [
      0.0633452000329271,
      0.03729230002500117,
      0.046934900048654526
    ],
    "cached_run": [
      0.07896060001803562,
      0.054071699967607856,
      0.06432450003921986
    ],
    "generate_insights": [
      5.142804000002798,
      5.267147800012026
    ],
    "autonomous_run": [
      7.024796000041533
    ],
    "revenue_by_customer": [
      0.018855699978303164
    ]
  },
  "error_counts": {}
}