{
  "timestamp": "2026-03-27T14:02:37.809867",
  "stats": {
    "run_tool": {
      "count": 2,
      "avg": 0.0535604499746114,
      "min": 0.0512614999897778,
      "max": 0.055859399959445,
      "p95": 0.055859399959445,
      "error_rate": 0.0
    },
    "monthly_revenue_by_product": {
      "count": 1,
      "avg": 0.032851999858394265,
      "min": 0.032851999858394265,
      "max": 0.032851999858394265,
      "p95": 0.032851999858394265,
      "error_rate": 0.0
    },
    "generate_insights": {
      "count": 1,
      "avg": 14.219667800003663,
      "min": 14.219667800003663,
      "max": 14.219667800003663,
      "p95": 14.219667800003663,
      "error_rate": 0.0
    },
    "cached_run": {
      "count": 2,
      "avg": 0.07792905007954687,
      "min": 0.07570650009438396,
      "max": 0.08015160006470978,
      "p95": 0.08015160006470978,
      "error_rate": 0.0
    },
    "revenue_by_product": {
      "count": 1,
      "avg": 0.028092200169339776,
      "min": 0.028092200169339776,
      "max": 0.028092200169339776,
      "p95": 0.028092200169339776,
      "error_rate": 0.0
    }
  },
  "metrics": {
    "revenue_by_product": [
      0.028092200169339776
    ],
    "run_tool": [
      0.0512614999897778,
      0.055859399959445
    ],
    "cached_run": [
      0.07570650009438396,
      0.08015160006470978
    ],
    "monthly_revenue_by_product": [
      0.032851999858394265
    ],
    "generate_insights": [
      14.219667800003663
    ]
  },
  "error_counts": {}
}