{
  "timestamp": "2026-03-16T11:22:10.964767",
  "stats": {
    "autonomous_run": {
      "count": 1,
      "avg": 7.303412400011439,
      "min": 7.303412400011439,
      "max": 7.303412400011439,
      "p95": 7.303412400011439,
      "error_rate": 0.0
    },
    "generate_insights": {
      "count": 2,
      "avg": 6.11277485001483,
      "min": 5.804132000019308,
      "max": 6.421417700010352,
      "p95": 6.421417700010352,
      "error_rate": 0.0
    },
    "run_tool": {
      "count": 2,
      "avg": 0.033876000001328066,
      "min": 0.033710399991832674,
      "max": 0.03404160001082346,
      "p95": 0.03404160001082346,
      "error_rate": 0.0
    },
    "revenue_by_product": {
      "count": 2,
      "avg": 0.01797469996381551,
      "min": 0.01785309996921569,
      "max": 0.01809629995841533,
      "p95": 0.01809629995841533,
      "error_rate": 0.0
    },
    "cached_run": {
      "count": 2,
      "avg": 0.05015465000178665,
      "min": 0.050093600002583116,
      "max": 0.05021570000099018,
      "p95": 0.05021570000099018,
      "error_rate": 0.0
    }
  },
  "metrics": {
    "revenue_by_product": [
      0.01785309996921569,
      0.01809629995841533
    ],
    "run_tool": [
      0.033710399991832674,
      0.03404160001082346
    ],
    "cached_run": [
      0.05021570000099018,
      0.050093600002583116
    ],
    "generate_insights": [
      5.804132000019308,
      6.421417700010352
    ],
    "autonomous_run": [
      7.303412400011439
    ]
  },
  "error_counts": {}
}