{
  "timestamp": "2026-03-27T15:30:58.438359",
  "stats": {
    "compute_kpis": {
      "count": 1,
      "avg": 0.03507849993184209,
      "min": 0.03507849993184209,
      "max": 0.03507849993184209,
      "p95": 0.03507849993184209,
      "error_rate": 0.0
    },
    "run_tool": {
      "count": 4,
      "avg": 0.09076179994735867,
      "min": 0.0683736999053508,
      "max": 0.11849549994803965,
      "p95": 0.11849549994803965,
      "error_rate": 0.0
    },
    "monthly_growth": {
      "count": 1,
      "avg": 0.08659900003112853,
      "min": 0.08659900003112853,
      "max": 0.08659900003112853,
      "p95": 0.08659900003112853,
      "error_rate": 0.0
    },
    "monthly_revenue": {
      "count": 2,
      "avg": 0.04387155000586063,
      "min": 0.0365319000557065,
      "max": 0.05121119995601475,
      "p95": 0.05121119995601475,
      "error_rate": 0.0
    },
    "generate_insights": {
      "count": 1,
      "avg": 10.367272599833086,
      "min": 10.367272599833086,
      "max": 10.367272599833086,
      "p95": 10.367272599833086,
      "error_rate": 0.0
    },
    "detect_revenue_spikes": {
      "count": 2,
      "avg": 0.06381355004850775,
      "min": 0.056405600160360336,
      "max": 0.07122149993665516,
      "p95": 0.07122149993665516,
      "error_rate": 0.0
    },
    "monthly_profit": {
      "count": 1,
      "avg": 0.03882230003364384,
      "min": 0.03882230003364384,
      "max": 0.03882230003364384,
      "p95": 0.03882230003364384,
      "error_rate": 0.0
    },
    "cached_run": {
      "count": 4,
      "avg": 0.1242636499227956,
      "min": 0.10212219995446503,
      "max": 0.1515541998669505,
      "p95": 0.1515541998669505,
      "error_rate": 0.0
    }
  },
  "metrics": {
    "compute_kpis": [
      0.03507849993184209
    ],
    "run_tool": [
      0.0683736999053508,
      0.11849549994803965,
      0.07054700003936887,
      0.10563099989667535
    ],
    "cached_run": [
      0.10212219995446503,
      0.1515541998669505,
      0.10592579981312156,
      0.13745240005664527
    ],
    "monthly_revenue": [
      0.05121119995601475,
      0.0365319000557065
    ],
    "monthly_growth": [
      0.08659900003112853
    ],
    "monthly_profit": [
      0.03882230003364384
    ],
    "detect_revenue_spikes": [
      0.07122149993665516,
      0.056405600160360336
    ],
    "generate_insights": [
      10.367272599833086
    ]
  },
  "error_counts": {}
}