{
  "timestamp": "2026-03-27T14:54:28.400095",
  "stats": {
    "generate_insights": {
      "count": 1,
      "avg": 15.911901567998939,
      "min": 15.911901567998939,
      "max": 15.911901567998939,
      "p95": 15.911901567998939,
      "error_rate": 0.0
    },
    "cached_run": {
      "count": 2,
      "avg": 0.16836472599970875,
      "min": 0.16421912699843233,
      "max": 0.17251032500098518,
      "p95": 0.17251032500098518,
      "error_rate": 0.0
    },
    "run_tool": {
      "count": 2,
      "avg": 0.11320142100066732,
      "min": 0.10524591500143288,
      "max": 0.12115692699990177,
      "p95": 0.12115692699990177,
      "error_rate": 0.0
    },
    "monthly_revenue_by_product": {
      "count": 1,
      "avg": 0.057423950000156765,
      "min": 0.057423950000156765,
      "max": 0.057423950000156765,
      "p95": 0.057423950000156765,
      "error_rate": 0.0
    },
    "revenue_by_product": {
      "count": 1,
      "avg": 0.05159929399997054,
      "min": 0.05159929399997054,
      "max": 0.05159929399997054,
      "p95": 0.05159929399997054,
      "error_rate": 0.0
    },
    "detect_revenue_spikes": {
      "count": 1,
      "avg": 0.07679696400009561,
      "min": 0.07679696400009561,
      "max": 0.07679696400009561,
      "p95": 0.07679696400009561,
      "error_rate": 0.0
    }
  },
  "metrics": {
    "revenue_by_product": [
      0.05159929399997054
    ],
    "run_tool": [
      0.10524591500143288,
      0.12115692699990177
    ],
    "cached_run": [
      0.16421912699843233,
      0.17251032500098518
    ],
    "monthly_revenue_by_product": [
      0.057423950000156765
    ],
    "detect_revenue_spikes": [
      0.07679696400009561
    ],
    "generate_insights": [
      15.911901567998939
    ]
  },
  "error_counts": {}
}