{
  "timestamp": "2026-03-29T10:08:31.624509",
  "stats": {
    "revenue_by_product": {
      "count": 1,
      "avg": 0.011473200051113963,
      "min": 0.011473200051113963,
      "max": 0.011473200051113963,
      "p95": 0.011473200051113963,
      "error_rate": 0.0
    },
    "monthly_revenue": {
      "count": 2,
      "avg": 0.014496699906885624,
      "min": 0.014118699822574854,
      "max": 0.014874699991196394,
      "p95": 0.014874699991196394,
      "error_rate": 0.0
    },
    "detect_revenue_spikes": {
      "count": 1,
      "avg": 0.048982399981468916,
      "min": 0.048982399981468916,
      "max": 0.048982399981468916,
      "p95": 0.048982399981468916,
      "error_rate": 0.0
    },
    "generate_insights": {
      "count": 1,
      "avg": 8.932388100074604,
      "min": 8.932388100074604,
      "max": 8.932388100074604,
      "p95": 8.932388100074604,
      "error_rate": 0.0
    },
    "forecast_revenue_with_explanation": {
      "count": 1,
      "avg": 0.02004289999604225,
      "min": 0.02004289999604225,
      "max": 0.02004289999604225,
      "p95": 0.02004289999604225,
      "error_rate": 0.0
    },
    "monthly_revenue_by_product_full": {
      "count": 1,
      "avg": 0.041750599863007665,
      "min": 0.041750599863007665,
      "max": 0.041750599863007665,
      "p95": 0.041750599863007665,
      "error_rate": 0.0
    },
    "cached_run": {
      "count": 3,
      "avg": 0.03599650001463791,
      "min": 0.027384900022298098,
      "max": 0.0425779998768121,
      "p95": 0.0425779998768121,
      "error_rate": 0.0
    },
    "run_tool": {
      "count": 3,
      "avg": 0.02823153332186242,
      "min": 0.01961670001037419,
      "max": 0.03441490000113845,
      "p95": 0.03441490000113845,
      "error_rate": 0.0
    },
    "forecast_with_confidence": {
      "count": 0,
      "avg": 0.0,
      "min": 0.0,
      "max": 0.0,
      "p95": 0.0,
      "error_rate": 1.0
    },
    "monthly_growth": {
      "count": 1,
      "avg": 0.02332779997959733,
      "min": 0.02332779997959733,
      "max": 0.02332779997959733,
      "p95": 0.02332779997959733,
      "error_rate": 0.0
    },
    "forecast_revenue_by_product": {
      "count": 1,
      "avg": 0.10168449999764562,
      "min": 0.10168449999764562,
      "max": 0.10168449999764562,
      "p95": 0.10168449999764562,
      "error_rate": 0.0
    },
    "monthly_revenue_by_product": {
      "count": 1,
      "avg": 0.02503310004249215,
      "min": 0.02503310004249215,
      "max": 0.02503310004249215,
      "p95": 0.02503310004249215,
      "error_rate": 0.0
    }
  },
  "metrics": {
    "monthly_revenue_by_product_full": [
      0.041750599863007665
    ],
    "forecast_revenue_by_product": [
      0.10168449999764562
    ],
    "monthly_revenue": [
      0.014874699991196394,
      0.014118699822574854
    ],
    "forecast_revenue_with_explanation": [
      0.02004289999604225
    ],
    "monthly_revenue_by_product": [
      0.02503310004249215
    ],
    "run_tool": [
      0.03441490000113845,
      0.03066299995407462,
      0.01961670001037419
    ],
    "cached_run": [
      0.0425779998768121,
      0.038026600144803524,
      0.027384900022298098
    ],
    "monthly_growth": [
      0.02332779997959733
    ],
    "revenue_by_product": [
      0.011473200051113963
    ],
    "detect_revenue_spikes": [
      0.048982399981468916
    ],
    "generate_insights": [
      8.932388100074604
    ]
  },
  "error_counts": {
    "forecast_with_confidence": 1
  }
}