{
  "timestamp": "2026-03-27T16:25:26.437732",
  "stats": {
    "revenue_by_customer": {
      "count": 2,
      "avg": 0.0919450194996898,
      "min": 0.08921609300159616,
      "max": 0.09467394599778345,
      "p95": 0.09467394599778345,
      "error_rate": 0.0
    },
    "monthly_revenue": {
      "count": 2,
      "avg": 0.0949411660003534,
      "min": 0.09344910100116977,
      "max": 0.09643323099953705,
      "p95": 0.09643323099953705,
      "error_rate": 0.0
    },
    "generate_insights": {
      "count": 1,
      "avg": 7.254689741999755,
      "min": 7.254689741999755,
      "max": 7.254689741999755,
      "p95": 7.254689741999755,
      "error_rate": 0.0
    },
    "monthly_revenue_by_customer": {
      "count": 1,
      "avg": 0.09674083400022937,
      "min": 0.09674083400022937,
      "max": 0.09674083400022937,
      "p95": 0.09674083400022937,
      "error_rate": 0.0
    },
    "detect_revenue_spikes": {
      "count": 2,
      "avg": 0.15361301049961185,
      "min": 0.1271613079989038,
      "max": 0.1800647130003199,
      "p95": 0.1800647130003199,
      "error_rate": 0.0
    },
    "cached_run": {
      "count": 2,
      "avg": 0.27843407500040485,
      "min": 0.271980348003126,
      "max": 0.2848878019976837,
      "p95": 0.2848878019976837,
      "error_rate": 0.0
    },
    "run_tool": {
      "count": 2,
      "avg": 0.19074916899990058,
      "min": 0.1882279519995791,
      "max": 0.19327038600022206,
      "p95": 0.19327038600022206,
      "error_rate": 0.0
    },
    "revenue_by_product": {
      "count": 1,
      "avg": 0.10105169999951613,
      "min": 0.10105169999951613,
      "max": 0.10105169999951613,
      "p95": 0.10105169999951613,
      "error_rate": 0.0
    },
    "compute_kpis": {
      "count": 1,
      "avg": 0.0797142650008027,
      "min": 0.0797142650008027,
      "max": 0.0797142650008027,
      "p95": 0.0797142650008027,
      "error_rate": 0.0
    }
  },
  "metrics": {
    "compute_kpis": [
      0.0797142650008027
    ],
    "revenue_by_customer": [
      0.08921609300159616,
      0.09467394599778345
    ],
    "revenue_by_product": [
      0.10105169999951613
    ],
    "monthly_revenue": [
      0.09643323099953705,
      0.09344910100116977
    ],
    "detect_revenue_spikes": [
      0.1800647130003199,
      0.1271613079989038
    ],
    "run_tool": [
      0.19327038600022206,
      0.1882279519995791
    ],
    "cached_run": [
      0.2848878019976837,
      0.271980348003126
    ],
    "monthly_revenue_by_customer": [
      0.09674083400022937
    ],
    "generate_insights": [
      7.254689741999755
    ]
  },
  "error_counts": {}
}