{
  "timestamp": "2026-03-19T11:31:12.207639",
  "stats": {
    "generate_insights": {
      "count": 4,
      "avg": 6.0501836750190705,
      "min": 5.118601400055923,
      "max": 7.854599799960852,
      "p95": 7.854599799960852,
      "error_rate": 0.0
    },
    "monthly_revenue": {
      "count": 8,
      "avg": 0.02782431253581308,
      "min": 0.017066300031729043,
      "max": 0.03551900002639741,
      "p95": 0.03551900002639741,
      "error_rate": 0.0
    },
    "compute_kpis": {
      "count": 4,
      "avg": 0.023415350005961955,
      "min": 0.01940749993082136,
      "max": 0.03104560007341206,
      "p95": 0.03104560007341206,
      "error_rate": 0.0
    },
    "revenue_by_customer": {
      "count": 5,
      "avg": 0.025151879992336035,
      "min": 0.022256199968978763,
      "max": 0.03207389998715371,
      "p95": 0.03207389998715371,
      "error_rate": 0.0
    },
    "cached_run": {
      "count": 5,
      "avg": 0.07711143996566534,
      "min": 0.05649499990977347,
      "max": 0.13208080001641065,
      "p95": 0.13208080001641065,
      "error_rate": 0.0
    },
    "revenue_by_product": {
      "count": 7,
      "avg": 0.02373107141881649,
      "min": 0.02119270002003759,
      "max": 0.02831019996665418,
      "p95": 0.02831019996665418,
      "error_rate": 0.0
    },
    "autonomous_run": {
      "count": 3,
      "avg": 9.351715933298692,
      "min": 7.457501699915156,
      "max": 10.909973900066689,
      "p95": 10.909973900066689,
      "error_rate": 0.0
    },
    "detect_revenue_spikes": {
      "count": 4,
      "avg": 0.028343449987005442,
      "min": 0.026648500002920628,
      "max": 0.03198790003079921,
      "p95": 0.03198790003079921,
      "error_rate": 0.0
    },
    "monthly_revenue_by_customer": {
      "count": 1,
      "avg": 0.09694790001958609,
      "min": 0.09694790001958609,
      "max": 0.09694790001958609,
      "p95": 0.09694790001958609,
      "error_rate": 0.0
    },
    "run_tool": {
      "count": 5,
      "avg": 0.05878273998387158,
      "min": 0.039113499922677875,
      "max": 0.11422270000912249,
      "p95": 0.11422270000912249,
      "error_rate": 0.0
    }
  },
  "metrics": {
    "compute_kpis": [
      0.01940749993082136,
      0.03104560007341206,
      0.02108169998973608,
      0.02212660002987832
    ],
    "revenue_by_customer": [
      0.02239910000935197,
      0.03207389998715371,
      0.024740699911490083,
      0.022256199968978763,
      0.02428950008470565
    ],
    "revenue_by_product": [
      0.021714899921789765,
      0.02808830002322793,
      0.023359199985861778,
      0.02119270002003759,
      0.021251600002869964,
      0.02220060001127422,
      0.02831019996665418
    ],
    "monthly_revenue": [
      0.03551900002639741,
      0.026615000097081065,
      0.017066300031729043,
      0.026281900005415082,
      0.03116710006725043,
      0.027355600032024086,
      0.02706750005017966,
      0.03152209997642785
    ],
    "detect_revenue_spikes": [
      0.026930199936032295,
      0.026648500002920628,
      0.027807199978269637,
      0.03198790003079921
    ],
    "run_tool": [
      0.04576380003709346,
      0.039113499922677875,
      0.04147940000984818,
      0.11422270000912249,
      0.05333429994061589
    ],
    "cached_run": [
      0.06360100000165403,
      0.05649499990977347,
      0.058255899930372834,
      0.13208080001641065,
      0.07512449997011572
    ],
    "generate_insights": [
      7.854599799960852,
      5.118601400055923,
      5.7313373000361025,
      5.496196200023405
    ],
    "autonomous_run": [
      10.909973900066689,
      7.457501699915156,
      9.687672199914232
    ],
    "monthly_revenue_by_customer": [
      0.09694790001958609
    ]
  },
  "error_counts": {}
}