{
  "timestamp": "2026-03-27T18:18:32.171634",
  "stats": {
    "monthly_revenue": {
      "count": 3,
      "avg": 0.09669694299979407,
      "min": 0.09006518199748825,
      "max": 0.10766134900040925,
      "p95": 0.10766134900040925,
      "error_rate": 0.0
    },
    "monthly_revenue_by_product_full": {
      "count": 1,
      "avg": 0.00747182899795007,
      "min": 0.00747182899795007,
      "max": 0.00747182899795007,
      "p95": 0.00747182899795007,
      "error_rate": 0.0
    },
    "detect_revenue_spikes": {
      "count": 2,
      "avg": 0.14831252499971015,
      "min": 0.10858457200083649,
      "max": 0.1880404779985838,
      "p95": 0.1880404779985838,
      "error_rate": 0.0
    },
    "forecast_with_confidence": {
      "count": 0,
      "avg": 0.0,
      "min": 0.0,
      "max": 0.0,
      "p95": 0.0,
      "error_rate": 1.0
    },
    "forecast_revenue_with_explanation": {
      "count": 1,
      "avg": 0.11134668399972725,
      "min": 0.11134668399972725,
      "max": 0.11134668399972725,
      "p95": 0.11134668399972725,
      "error_rate": 0.0
    },
    "revenue_by_product": {
      "count": 1,
      "avg": 0.07869585899970843,
      "min": 0.07869585899970843,
      "max": 0.07869585899970843,
      "p95": 0.07869585899970843,
      "error_rate": 0.0
    },
    "generate_insights": {
      "count": 1,
      "avg": 6.623316565997811,
      "min": 6.623316565997811,
      "max": 6.623316565997811,
      "p95": 6.623316565997811,
      "error_rate": 0.0
    },
    "forecast_revenue_by_product": {
      "count": 1,
      "avg": 0.09587513799851877,
      "min": 0.09587513799851877,
      "max": 0.09587513799851877,
      "p95": 0.09587513799851877,
      "error_rate": 0.0
    },
    "compute_kpis": {
      "count": 1,
      "avg": 0.09406423899781657,
      "min": 0.09406423899781657,
      "max": 0.09406423899781657,
      "p95": 0.09406423899781657,
      "error_rate": 0.0
    },
    "revenue_by_customer": {
      "count": 1,
      "avg": 0.07945519099666853,
      "min": 0.07945519099666853,
      "max": 0.07945519099666853,
      "p95": 0.07945519099666853,
      "error_rate": 0.0
    }
  },
  "metrics": {
    "compute_kpis": [
      0.09406423899781657
    ],
    "revenue_by_customer": [
      0.07945519099666853
    ],
    "revenue_by_product": [
      0.07869585899970843
    ],
    "monthly_revenue": [
      0.09006518199748825,
      0.09236429800148471,
      0.10766134900040925
    ],
    "detect_revenue_spikes": [
      0.1880404779985838,
      0.10858457200083649
    ],
    "monthly_revenue_by_product_full": [
      0.00747182899795007
    ],
    "forecast_revenue_by_product": [
      0.09587513799851877
    ],
    "forecast_revenue_with_explanation": [
      0.11134668399972725
    ],
    "generate_insights": [
      6.623316565997811
    ]
  },
  "error_counts": {
    "forecast_with_confidence": 1
  }
}