{
  "timestamp": "2026-03-27T15:23:43.579467",
  "stats": {
    "forecast_with_confidence": {
      "count": 0,
      "avg": 0.0,
      "min": 0.0,
      "max": 0.0,
      "p95": 0.0,
      "error_rate": 1.0
    },
    "generate_insights": {
      "count": 23,
      "avg": 9.106182380391344,
      "min": 4.611505433000275,
      "max": 15.911901567998939,
      "p95": 13.81652048000069,
      "error_rate": 0.0
    },
    "cached_run": {
      "count": 24,
      "avg": 0.18203420966672942,
      "min": 0.12096876600116957,
      "max": 0.23823879200062947,
      "p95": 0.23113424599978316,
      "error_rate": 0.0
    },
    "monthly_revenue_by_product_full": {
      "count": 11,
      "avg": 0.005388192363501399,
      "min": 0.003744906998690567,
      "max": 0.00795122499948775,
      "p95": 0.00795122499948775,
      "error_rate": 0.0
    },
    "monthly_revenue": {
      "count": 11,
      "avg": 0.03793966554572266,
      "min": 0.030826607000562944,
      "max": 0.07224421600039932,
      "p95": 0.07224421600039932,
      "error_rate": 0.0
    },
    "run_tool": {
      "count": 24,
      "avg": 0.12272228737492696,
      "min": 0.08208034299968858,
      "max": 0.16903721499875246,
      "p95": 0.156274224000299,
      "error_rate": 0.0
    },
    "forecast_revenue_with_explanation": {
      "count": 11,
      "avg": 0.11714612218202092,
      "min": 0.09792282400121621,
      "max": 0.17323709199990844,
      "p95": 0.17323709199990844,
      "error_rate": 0.0
    },
    "monthly_revenue_by_product": {
      "count": 12,
      "avg": 0.06353680274999836,
      "min": 0.045140277999962564,
      "max": 0.09021595099875412,
      "p95": 0.09021595099875412,
      "error_rate": 0.0
    },
    "autonomous_run": {
      "count": 22,
      "avg": 11.929979600727249,
      "min": 7.0459333039998455,
      "max": 18.234779583999625,
      "p95": 16.211549104998994,
      "error_rate": 0.0
    },
    "forecast_revenue_by_product": {
      "count": 11,
      "avg": 0.271766037454654,
      "min": 0.22445096499905048,
      "max": 0.36317650500132004,
      "p95": 0.36317650500132004,
      "error_rate": 0.0
    },
    "revenue_by_product": {
      "count": 12,
      "avg": 0.06314881408313038,
      "min": 0.041406458998608286,
      "max": 0.08395547699910821,
      "p95": 0.08395547699910821,
      "error_rate": 0.0
    },
    "detect_revenue_spikes": {
      "count": 23,
      "avg": 0.07663082469527739,
      "min": 0.05602643999918655,
      "max": 0.18561347799914074,
      "p95": 0.08298705499873904,
      "error_rate": 0.0
    }
  },
  "metrics": {
    "revenue_by_product": [
      0.05159929399997054,
      0.041406458998608286,
      0.05593270899953495,
      0.060162939998917864,
      0.061431629001162946,
      0.05427907699959178,
      0.06802904899996065,
      0.04801656500058016,
      0.07489602399982687,
      0.0759760519995325,
      0.08210049400076969,
      0.08395547699910821
    ],
    "run_tool": [
      0.10524591500143288,
      0.12115692699990177,
      0.08208034299968858,
      0.0877972750004119,
      0.11284621599952516,
      0.11407719800081395,
      0.11382205800146039,
      0.11468791300103476,
      0.11932824199902825,
      0.11542676700082666,
      0.10128117599924735,
      0.09464345599917579,
      0.1386191659985343,
      0.12961488800101506,
      0.1036309720002464,
      0.08939337699848693,
      0.12854086799961806,
      0.14607559300020512,
      0.1482602460000635,
      0.16903721499875246,
      0.15069729999959236,
      0.1558174969995889,
      0.156274224000299,
      0.1469800649992976
    ],
    "cached_run": [
      0.16421912699843233,
      0.17251032500098518,
      0.12096876600116957,
      0.12662003100012953,
      0.16174062000027334,
      0.15849919600077556,
      0.1750728650004021,
      0.18205701800070528,
      0.1782942859990726,
      0.17213790400091966,
      0.14739988400106085,
      0.13412425400019856,
      0.20610494799984735,
      0.19771524199859414,
      0.14790299299966136,
      0.14469196899881354,
      0.2064680799994676,
      0.22779718499987212,
      0.21588607400008186,
      0.23823879200062947,
      0.23113424599978316,
      0.22767148099956103,
      0.22206458800064865,
      0.20950115800042113
    ],
    "monthly_revenue_by_product": [
      0.057423950000156765,
      0.045140277999962564,
      0.06444925200048601,
      0.05811234400061949,
      0.053922359000353026,
      0.04909779300032824,
      0.06769770400023845,
      0.0453399250000075,
      0.06834378299936361,
      0.09021595099875412,
      0.08579479699983494,
      0.07690349699987564
    ],
    "detect_revenue_spikes": [
      0.07679696400009561,
      0.05842047099940828,
      0.07148079999933543,
      0.0728996179987007,
      0.06175837199953094,
      0.05602643999918655,
      0.08225016299911658,
      0.062293401000715676,
      0.18561347799914074,
      0.06634129600024607,
      0.07738683100069466,
      0.07056366100005107,
      0.07258018299944524,
      0.08298705499873904,
      0.06780832599906716,
      0.06878702500034706,
      0.07417583999995259,
      0.06284545099879324,
      0.07375917700119317,
      0.08093879099942569,
      0.08184404999883554,
      0.07778519699968456,
      0.0771663779996743
    ],
    "generate_insights": [
      15.911901567998939,
      13.603100798000014,
      11.55398619799962,
      13.81652048000069,
      12.011857352001243,
      12.793065238000054,
      12.858477472000232,
      13.312778829000308,
      8.123654854000051,
      6.302234755999962,
      5.042669816999478,
      4.611505433000275,
      4.959430165001322,
      6.337632167000265,
      4.690225250000367,
      5.252665560999958,
      4.617807045999143,
      5.194966195000234,
      12.091182852000202,
      6.844036652999421,
      12.147390884998458,
      11.446551512000951,
      5.918553667999731
    ],
    "autonomous_run": [
      18.234779583999625,
      15.499811517000126,
      13.469476158999896,
      16.079407990000618,
      14.335282665000705,
      15.03369190200101,
      16.211549104998994,
      15.545704304000537,
      11.244455160000143,
      8.877540593999584,
      7.6838801379999495,
      7.124598700000206,
      7.706902863999858,
      9.206904685999689,
      7.20289634800065,
      7.9296873080002115,
      7.0459333039998455,
      8.273592002999067,
      14.490949951999937,
      12.311307788000704,
      14.701619052999376,
      14.249580091998723
    ],
    "monthly_revenue_by_product_full": [
      0.00795122499948775,
      0.006440474000555696,
      0.0052361819998623105,
      0.007072295000398299,
      0.004010200000266195,
      0.006241460998353432,
      0.003744906998690567,
      0.0050160170012532035,
      0.003886917998897843,
      0.005228808000538265,
      0.004441629000211833
    ],
    "forecast_revenue_by_product": [
      0.36317650500132004,
      0.25425693500073976,
      0.2826377159999538,
      0.23733160799929465,
      0.28118238400020346,
      0.3125038250000216,
      0.24401706400021794,
      0.22445096499905048,
      0.2497805729999527,
      0.2550337960001343,
      0.2850550410003052
    ],
    "monthly_revenue": [
      0.03607985800044844,
      0.033418199000152526,
      0.03404333700018469,
      0.0340403440004593,
      0.03826182800003153,
      0.039289946000280906,
      0.03385488300045836,
      0.030826607000562944,
      0.033894856000188156,
      0.03138224699978309,
      0.07224421600039932
    ],
    "forecast_revenue_with_explanation": [
      0.12526281700047548,
      0.10903639099888096,
      0.11204159699991578,
      0.11274238100122602,
      0.12137676299971645,
      0.11963677300082054,
      0.10075741800028482,
      0.10891055100000813,
      0.10768273699977726,
      0.09792282400121621,
      0.17323709199990844
    ]
  },
  "error_counts": {
    "forecast_with_confidence": 10
  }
}