{
  "timestamp": "2026-03-16T11:44:05.174640",
  "stats": {
    "run_tool": {
      "count": 2,
      "avg": 0.05578860000241548,
      "min": 0.03603680001106113,
      "max": 0.07554039999376982,
      "p95": 0.07554039999376982,
      "error_rate": 0.0
    },
    "revenue_by_customer": {
      "count": 1,
      "avg": 0.019285299989860505,
      "min": 0.019285299989860505,
      "max": 0.019285299989860505,
      "p95": 0.019285299989860505,
      "error_rate": 0.0
    },
    "monthly_revenue_by_customer": {
      "count": 1,
      "avg": 0.05845070001669228,
      "min": 0.05845070001669228,
      "max": 0.05845070001669228,
      "p95": 0.05845070001669228,
      "error_rate": 0.0
    },
    "cached_run": {
      "count": 2,
      "avg": 0.07333785001537763,
      "min": 0.05349960003513843,
      "max": 0.09317609999561682,
      "p95": 0.09317609999561682,
      "error_rate": 0.0
    },
    "generate_insights": {
      "count": 1,
      "avg": 5.626342699979432,
      "min": 5.626342699979432,
      "max": 5.626342699979432,
      "p95": 5.626342699979432,
      "error_rate": 0.0
    }
  },
  "metrics": {
    "revenue_by_customer": [
      0.019285299989860505
    ],
    "run_tool": [
      0.03603680001106113,
      0.07554039999376982
    ],
    "cached_run": [
      0.05349960003513843,
      0.09317609999561682
    ],
    "monthly_revenue_by_customer": [
      0.05845070001669228
    ],
    "generate_insights": [
      5.626342699979432
    ]
  },
  "error_counts": {}
}