{
  "timestamp": "2026-03-21T17:38:15.827267",
  "stats": {
    "monthly_revenue": {
      "count": 2,
      "avg": 0.013160449976567179,
      "min": 0.012959099956788123,
      "max": 0.013361799996346235,
      "p95": 0.013361799996346235,
      "error_rate": 0.0
    },
    "forecast_revenue_with_explanation": {
      "count": 1,
      "avg": 0.08511039998847991,
      "min": 0.08511039998847991,
      "max": 0.08511039998847991,
      "p95": 0.08511039998847991,
      "error_rate": 0.0
    },
    "generate_insights": {
      "count": 1,
      "avg": 4.483477699919604,
      "min": 4.483477699919604,
      "max": 4.483477699919604,
      "p95": 4.483477699919604,
      "error_rate": 0.0
    },
    "cached_run": {
      "count": 2,
      "avg": 0.10308415000326931,
      "min": 0.10234149999450892,
      "max": 0.10382680001202971,
      "p95": 0.10382680001202971,
      "error_rate": 0.0
    },
    "forecast_with_confidence": {
      "count": 1,
      "avg": 0.08286950003821403,
      "min": 0.08286950003821403,
      "max": 0.08286950003821403,
      "p95": 0.08286950003821403,
      "error_rate": 0.0
    },
    "run_tool": {
      "count": 2,
      "avg": 0.0937476500403136,
      "min": 0.0928012999938801,
      "max": 0.09469400008674711,
      "p95": 0.09469400008674711,
      "error_rate": 0.0
    }
  },
  "metrics": {
    "monthly_revenue": [
      0.012959099956788123,
      0.013361799996346235
    ],
    "forecast_revenue_with_explanation": [
      0.08511039998847991
    ],
    "run_tool": [
      0.09469400008674711,
      0.0928012999938801
    ],
    "cached_run": [
      0.10382680001202971,
      0.10234149999450892
    ],
    "forecast_with_confidence": [
      0.08286950003821403
    ],
    "generate_insights": [
      4.483477699919604
    ]
  },
  "error_counts": {}
}