{
  "timestamp": "2026-03-21T17:54:51.993530",
  "stats": {
    "forecast_revenue_with_explanation": {
      "count": 3,
      "avg": 0.20834206665555635,
      "min": 0.19988450000528246,
      "max": 0.22165009996388108,
      "p95": 0.22165009996388108,
      "error_rate": 0.0
    },
    "monthly_revenue": {
      "count": 5,
      "avg": 0.022247779997996986,
      "min": 0.01860469998791814,
      "max": 0.026257800054736435,
      "p95": 0.026257800054736435,
      "error_rate": 0.0
    },
    "generate_insights": {
      "count": 3,
      "avg": 3.6635979666607454,
      "min": 2.933688399964012,
      "max": 4.301092099980451,
      "p95": 4.301092099980451,
      "error_rate": 0.0
    },
    "revenue_by_product": {
      "count": 1,
      "avg": 0.022668000077828765,
      "min": 0.022668000077828765,
      "max": 0.022668000077828765,
      "p95": 0.022668000077828765,
      "error_rate": 0.0
    },
    "forecast_with_confidence": {
      "count": 2,
      "avg": 0.21952019998570904,
      "min": 0.20564349996857345,
      "max": 0.23339690000284463,
      "p95": 0.23339690000284463,
      "error_rate": 0.0
    },
    "run_tool": {
      "count": 6,
      "avg": 0.19649558330032355,
      "min": 0.03843289997894317,
      "max": 0.2476509999250993,
      "p95": 0.2476509999250993,
      "error_rate": 0.0
    },
    "autonomous_run": {
      "count": 2,
      "avg": 5.158961350040045,
      "min": 4.525402800063603,
      "max": 5.792519900016487,
      "p95": 5.792519900016487,
      "error_rate": 0.0
    },
    "cached_run": {
      "count": 6,
      "avg": 0.21086663335639363,
      "min": 0.05528510001022369,
      "max": 0.26254260004498065,
      "p95": 0.26254260004498065,
      "error_rate": 0.0
    }
  },
  "metrics": {
    "monthly_revenue": [
      0.02041779994033277,
      0.01860469998791814,
      0.026257800054736435,
      0.02454160002525896,
      0.021416999981738627
    ],
    "forecast_revenue_with_explanation": [
      0.22165009996388108,
      0.19988450000528246,
      0.20349159999750555
    ],
    "run_tool": [
      0.23573869990650564,
      0.218193200067617,
      0.21595279988832772,
      0.03843289997894317,
      0.22300490003544837,
      0.2476509999250993
    ],
    "cached_run": [
      0.24901420006062835,
      0.2320257000392303,
      0.2300206000218168,
      0.05528510001022369,
      0.236311599961482,
      0.26254260004498065
    ],
    "forecast_with_confidence": [
      0.20564349996857345,
      0.23339690000284463
    ],
    "generate_insights": [
      3.756013400037773,
      2.933688399964012,
      4.301092099980451
    ],
    "autonomous_run": [
      5.792519900016487,
      4.525402800063603
    ],
    "revenue_by_product": [
      0.022668000077828765
    ]
  },
  "error_counts": {}
}