{
  "timestamp": "2026-03-27T15:43:32.643758",
  "stats": {
    "monthly_revenue_by_product_full": {
      "count": 1,
      "avg": 0.0059174640009587165,
      "min": 0.0059174640009587165,
      "max": 0.0059174640009587165,
      "p95": 0.0059174640009587165,
      "error_rate": 0.0
    },
    "forecast_with_confidence": {
      "count": 0,
      "avg": 0.0,
      "min": 0.0,
      "max": 0.0,
      "p95": 0.0,
      "error_rate": 1.0
    },
    "detect_revenue_spikes": {
      "count": 3,
      "avg": 0.07161721266553893,
      "min": 0.056843372000003,
      "max": 0.09768735399848083,
      "p95": 0.09768735399848083,
      "error_rate": 0.0
    },
    "monthly_revenue": {
      "count": 3,
      "avg": 0.06131191966657449,
      "min": 0.04177462799998466,
      "max": 0.07580436200078111,
      "p95": 0.07580436200078111,
      "error_rate": 0.0
    },
    "forecast_revenue_by_product": {
      "count": 1,
      "avg": 0.2573818089986162,
      "min": 0.2573818089986162,
      "max": 0.2573818089986162,
      "p95": 0.2573818089986162,
      "error_rate": 0.0
    },
    "autonomous_run": {
      "count": 2,
      "avg": 10.96279791049892,
      "min": 10.551135887999408,
      "max": 11.374459932998434,
      "p95": 11.374459932998434,
      "error_rate": 0.0
    },
    "generate_insights": {
      "count": 3,
      "avg": 7.52963934033384,
      "min": 4.6808357820009405,
      "max": 9.227148240997849,
      "p95": 9.227148240997849,
      "error_rate": 0.0
    },
    "forecast_revenue_with_explanation": {
      "count": 3,
      "avg": 0.15643660466594156,
      "min": 0.1222041889996035,
      "max": 0.17474057899744366,
      "p95": 0.17474057899744366,
      "error_rate": 0.0
    }
  },
  "metrics": {
    "monthly_revenue": [
      0.07580436200078111,
      0.0663567689989577,
      0.04177462799998466
    ],
    "forecast_revenue_with_explanation": [
      0.1723650460007775,
      0.17474057899744366,
      0.1222041889996035
    ],
    "detect_revenue_spikes": [
      0.056843372000003,
      0.06032091199813294,
      0.09768735399848083
    ],
    "generate_insights": [
      9.227148240997849,
      8.680933998002729,
      4.6808357820009405
    ],
    "autonomous_run": [
      11.374459932998434,
      10.551135887999408
    ],
    "monthly_revenue_by_product_full": [
      0.0059174640009587165
    ],
    "forecast_revenue_by_product": [
      0.2573818089986162
    ]
  },
  "error_counts": {
    "forecast_with_confidence": 3
  }
}