{
  "timestamp": "2026-03-27T14:32:28.928138",
  "stats": {
    "run_tool": {
      "count": 2,
      "avg": 0.07733875299982174,
      "min": 0.07511423299911257,
      "max": 0.0795632730005309,
      "p95": 0.0795632730005309,
      "error_rate": 0.0
    },
    "cached_run": {
      "count": 2,
      "avg": 0.11287692949917982,
      "min": 0.10446575899914023,
      "max": 0.12128809999921941,
      "p95": 0.12128809999921941,
      "error_rate": 0.0
    },
    "monthly_revenue_by_product": {
      "count": 1,
      "avg": 0.04898885900001915,
      "min": 0.04898885900001915,
      "max": 0.04898885900001915,
      "p95": 0.04898885900001915,
      "error_rate": 0.0
    },
    "revenue_by_product": {
      "count": 1,
      "avg": 0.04308932400090271,
      "min": 0.04308932400090271,
      "max": 0.04308932400090271,
      "p95": 0.04308932400090271,
      "error_rate": 0.0
    },
    "generate_insights": {
      "count": 1,
      "avg": 12.427714422001372,
      "min": 12.427714422001372,
      "max": 12.427714422001372,
      "p95": 12.427714422001372,
      "error_rate": 0.0
    }
  },
  "metrics": {
    "revenue_by_product": [
      0.04308932400090271
    ],
    "run_tool": [
      0.07511423299911257,
      0.0795632730005309
    ],
    "cached_run": [
      0.10446575899914023,
      0.12128809999921941
    ],
    "monthly_revenue_by_product": [
      0.04898885900001915
    ],
    "generate_insights": [
      12.427714422001372
    ]
  },
  "error_counts": {}
}