{
  "timestamp": "2026-03-27T14:33:40.011256",
  "stats": {
    "run_tool": {
      "count": 6,
      "avg": 0.09751557916691429,
      "min": 0.07511423299911257,
      "max": 0.13616406500113953,
      "p95": 0.13616406500113953,
      "error_rate": 0.0
    },
    "cached_run": {
      "count": 6,
      "avg": 0.13779142616658646,
      "min": 0.10446575899914023,
      "max": 0.1825761860000057,
      "p95": 0.1825761860000057,
      "error_rate": 0.0
    },
    "autonomous_run": {
      "count": 2,
      "avg": 12.801277715000651,
      "min": 11.076586428000155,
      "max": 14.525969002001148,
      "p95": 14.525969002001148,
      "error_rate": 0.0
    },
    "monthly_revenue_by_product": {
      "count": 3,
      "avg": 0.0565116876665949,
      "min": 0.04737355399993248,
      "max": 0.07317264999983308,
      "p95": 0.07317264999983308,
      "error_rate": 0.0
    },
    "revenue_by_product": {
      "count": 3,
      "avg": 0.04963805133350737,
      "min": 0.04308932400090271,
      "max": 0.058644824999646517,
      "p95": 0.058644824999646517,
      "error_rate": 0.0
    },
    "generate_insights": {
      "count": 3,
      "avg": 10.98012139633344,
      "min": 8.762277796999115,
      "max": 12.427714422001372,
      "p95": 12.427714422001372,
      "error_rate": 0.0
    }
  },
  "metrics": {
    "revenue_by_product": [
      0.04308932400090271,
      0.058644824999646517,
      0.04718000499997288
    ],
    "run_tool": [
      0.07511423299911257,
      0.0795632730005309,
      0.11669595900093555,
      0.13616406500113953,
      0.08724862900089647,
      0.09030731599887076
    ],
    "cached_run": [
      0.10446575899914023,
      0.12128809999921941,
      0.17103672200028086,
      0.1825761860000057,
      0.12121931100045913,
      0.12616247900041344
    ],
    "monthly_revenue_by_product": [
      0.04898885900001915,
      0.07317264999983308,
      0.04737355399993248
    ],
    "generate_insights": [
      12.427714422001372,
      8.762277796999115,
      11.750371969999833
    ],
    "autonomous_run": [
      14.525969002001148,
      11.076586428000155
    ]
  },
  "error_counts": {}
}