{
  "timestamp": "2026-03-21T20:01:26.092721",
  "stats": {
    "monthly_revenue_by_product": {
      "count": 1,
      "avg": 0.047029442000166455,
      "min": 0.047029442000166455,
      "max": 0.047029442000166455,
      "p95": 0.047029442000166455,
      "error_rate": 0.0
    },
    "revenue_by_product": {
      "count": 2,
      "avg": 0.056441532500230096,
      "min": 0.04173558000002231,
      "max": 0.07114748500043788,
      "p95": 0.07114748500043788,
      "error_rate": 0.0
    },
    "autonomous_run": {
      "count": 3,
      "avg": 10.51516095466665,
      "min": 5.849784212000031,
      "max": 17.494084380000004,
      "p95": 17.494084380000004,
      "error_rate": 0.0
    },
    "cached_run": {
      "count": 4,
      "avg": 0.14951651699993818,
      "min": 0.11288854700001139,
      "max": 0.1986984149998534,
      "p95": 0.1986984149998534,
      "error_rate": 0.0
    },
    "monthly_revenue": {
      "count": 1,
      "avg": 0.026977583999951094,
      "min": 0.026977583999951094,
      "max": 0.026977583999951094,
      "p95": 0.026977583999951094,
      "error_rate": 0.0
    },
    "generate_insights": {
      "count": 4,
      "avg": 7.829966247749951,
      "min": 4.517768738000086,
      "max": 15.73451956200006,
      "p95": 15.73451956200006,
      "error_rate": 0.0
    },
    "monthly_revenue_by_customer": {
      "count": 1,
      "avg": 0.05767627399995945,
      "min": 0.05767627399995945,
      "max": 0.05767627399995945,
      "p95": 0.05767627399995945,
      "error_rate": 0.0
    },
    "forecast_revenue_by_product": {
      "count": 1,
      "avg": 0.32556491099990126,
      "min": 0.32556491099990126,
      "max": 0.32556491099990126,
      "p95": 0.32556491099990126,
      "error_rate": 0.0
    },
    "run_tool": {
      "count": 4,
      "avg": 0.10166157649990737,
      "min": 0.07105565000006209,
      "max": 0.13840106399948127,
      "p95": 0.13840106399948127,
      "error_rate": 0.0
    },
    "monthly_revenue_by_product_full": {
      "count": 1,
      "avg": 0.01744246600014776,
      "min": 0.01744246600014776,
      "max": 0.01744246600014776,
      "p95": 0.01744246600014776,
      "error_rate": 0.0
    },
    "forecast_revenue_with_explanation": {
      "count": 1,
      "avg": 0.09697740900014651,
      "min": 0.09697740900014651,
      "max": 0.09697740900014651,
      "p95": 0.09697740900014651,
      "error_rate": 0.0
    },
    "forecast_with_confidence": {
      "count": 0,
      "avg": 0.0,
      "min": 0.0,
      "max": 0.0,
      "p95": 0.0,
      "error_rate": 1.0
    }
  },
  "metrics": {
    "monthly_revenue_by_product_full": [
      0.01744246600014776
    ],
    "forecast_revenue_by_product": [
      0.32556491099990126
    ],
    "monthly_revenue": [
      0.026977583999951094
    ],
    "forecast_revenue_with_explanation": [
      0.09697740900014651
    ],
    "generate_insights": [
      5.680547445000002,
      4.517768738000086,
      15.73451956200006,
      5.387029245999656
    ],
    "autonomous_run": [
      8.201614271999915,
      5.849784212000031,
      17.494084380000004
    ],
    "monthly_revenue_by_customer": [
      0.05767627399995945
    ],
    "run_tool": [
      0.10850263700012874,
      0.07105565000006209,
      0.08868695499995738,
      0.13840106399948127
    ],
    "cached_run": [
      0.14975390099994002,
      0.11288854700001139,
      0.1367252049999479,
      0.1986984149998534
    ],
    "revenue_by_product": [
      0.04173558000002231,
      0.07114748500043788
    ],
    "monthly_revenue_by_product": [
      0.047029442000166455
    ]
  },
  "error_counts": {
    "forecast_with_confidence": 1
  }
}