{
  "timestamp": "2026-03-21T17:53:00.479389",
  "stats": {
    "forecast_revenue_with_explanation": {
      "count": 1,
      "avg": 0.22165009996388108,
      "min": 0.22165009996388108,
      "max": 0.22165009996388108,
      "p95": 0.22165009996388108,
      "error_rate": 0.0
    },
    "monthly_revenue": {
      "count": 2,
      "avg": 0.019511249964125454,
      "min": 0.01860469998791814,
      "max": 0.02041779994033277,
      "p95": 0.02041779994033277,
      "error_rate": 0.0
    },
    "generate_insights": {
      "count": 1,
      "avg": 3.756013400037773,
      "min": 3.756013400037773,
      "max": 3.756013400037773,
      "p95": 3.756013400037773,
      "error_rate": 0.0
    },
    "forecast_with_confidence": {
      "count": 1,
      "avg": 0.20564349996857345,
      "min": 0.20564349996857345,
      "max": 0.20564349996857345,
      "p95": 0.20564349996857345,
      "error_rate": 0.0
    },
    "run_tool": {
      "count": 2,
      "avg": 0.22696594998706132,
      "min": 0.218193200067617,
      "max": 0.23573869990650564,
      "p95": 0.23573869990650564,
      "error_rate": 0.0
    },
    "cached_run": {
      "count": 2,
      "avg": 0.24051995004992932,
      "min": 0.2320257000392303,
      "max": 0.24901420006062835,
      "p95": 0.24901420006062835,
      "error_rate": 0.0
    }
  },
  "metrics": {
    "monthly_revenue": [
      0.02041779994033277,
      0.01860469998791814
    ],
    "forecast_revenue_with_explanation": [
      0.22165009996388108
    ],
    "run_tool": [
      0.23573869990650564,
      0.218193200067617
    ],
    "cached_run": [
      0.24901420006062835,
      0.2320257000392303
    ],
    "forecast_with_confidence": [
      0.20564349996857345
    ],
    "generate_insights": [
      3.756013400037773
    ]
  },
  "error_counts": {}
}