{
  "timestamp": "2026-03-27T15:07:37.236434",
  "stats": {
    "forecast_with_confidence": {
      "count": 0,
      "avg": 0.0,
      "min": 0.0,
      "max": 0.0,
      "p95": 0.0,
      "error_rate": 1.0
    },
    "generate_insights": {
      "count": 11,
      "avg": 11.393658851090963,
      "min": 5.042669816999478,
      "max": 15.911901567998939,
      "p95": 15.911901567998939,
      "error_rate": 0.0
    },
    "cached_run": {
      "count": 16,
      "avg": 0.16187871425006506,
      "min": 0.12096876600116957,
      "max": 0.20610494799984735,
      "p95": 0.20610494799984735,
      "error_rate": 0.0
    },
    "monthly_revenue_by_product_full": {
      "count": 3,
      "avg": 0.0065426269999685855,
      "min": 0.0052361819998623105,
      "max": 0.00795122499948775,
      "p95": 0.00795122499948775,
      "error_rate": 0.0
    },
    "monthly_revenue": {
      "count": 3,
      "avg": 0.034513798000261886,
      "min": 0.033418199000152526,
      "max": 0.03607985800044844,
      "p95": 0.03607985800044844,
      "error_rate": 0.0
    },
    "run_tool": {
      "count": 16,
      "avg": 0.10897824306255188,
      "min": 0.08208034299968858,
      "max": 0.1386191659985343,
      "p95": 0.1386191659985343,
      "error_rate": 0.0
    },
    "forecast_revenue_with_explanation": {
      "count": 3,
      "avg": 0.1154469349997574,
      "min": 0.10903639099888096,
      "max": 0.12526281700047548,
      "p95": 0.12526281700047548,
      "error_rate": 0.0
    },
    "monthly_revenue_by_product": {
      "count": 8,
      "avg": 0.055147950625269004,
      "min": 0.045140277999962564,
      "max": 0.06769770400023845,
      "p95": 0.06769770400023845,
      "error_rate": 0.0
    },
    "autonomous_run": {
      "count": 10,
      "avg": 14.453169898000123,
      "min": 8.877540593999584,
      "max": 18.234779583999625,
      "p95": 18.234779583999625,
      "error_rate": 0.0
    },
    "forecast_revenue_by_product": {
      "count": 3,
      "avg": 0.30002371866733785,
      "min": 0.25425693500073976,
      "max": 0.36317650500132004,
      "p95": 0.36317650500132004,
      "error_rate": 0.0
    },
    "revenue_by_product": {
      "count": 8,
      "avg": 0.0551072152497909,
      "min": 0.041406458998608286,
      "max": 0.06802904899996065,
      "p95": 0.06802904899996065,
      "error_rate": 0.0
    },
    "detect_revenue_spikes": {
      "count": 11,
      "avg": 0.07920616672692465,
      "min": 0.05602643999918655,
      "max": 0.18561347799914074,
      "p95": 0.18561347799914074,
      "error_rate": 0.0
    }
  },
  "metrics": {
    "revenue_by_product": [
      0.05159929399997054,
      0.041406458998608286,
      0.05593270899953495,
      0.060162939998917864,
      0.061431629001162946,
      0.05427907699959178,
      0.06802904899996065,
      0.04801656500058016
    ],
    "run_tool": [
      0.10524591500143288,
      0.12115692699990177,
      0.08208034299968858,
      0.0877972750004119,
      0.11284621599952516,
      0.11407719800081395,
      0.11382205800146039,
      0.11468791300103476,
      0.11932824199902825,
      0.11542676700082666,
      0.10128117599924735,
      0.09464345599917579,
      0.1386191659985343,
      0.12961488800101506,
      0.1036309720002464,
      0.08939337699848693
    ],
    "cached_run": [
      0.16421912699843233,
      0.17251032500098518,
      0.12096876600116957,
      0.12662003100012953,
      0.16174062000027334,
      0.15849919600077556,
      0.1750728650004021,
      0.18205701800070528,
      0.1782942859990726,
      0.17213790400091966,
      0.14739988400106085,
      0.13412425400019856,
      0.20610494799984735,
      0.19771524199859414,
      0.14790299299966136,
      0.14469196899881354
    ],
    "monthly_revenue_by_product": [
      0.057423950000156765,
      0.045140277999962564,
      0.06444925200048601,
      0.05811234400061949,
      0.053922359000353026,
      0.04909779300032824,
      0.06769770400023845,
      0.0453399250000075
    ],
    "detect_revenue_spikes": [
      0.07679696400009561,
      0.05842047099940828,
      0.07148079999933543,
      0.0728996179987007,
      0.06175837199953094,
      0.05602643999918655,
      0.08225016299911658,
      0.062293401000715676,
      0.18561347799914074,
      0.06634129600024607,
      0.07738683100069466
    ],
    "generate_insights": [
      15.911901567998939,
      13.603100798000014,
      11.55398619799962,
      13.81652048000069,
      12.011857352001243,
      12.793065238000054,
      12.858477472000232,
      13.312778829000308,
      8.123654854000051,
      6.302234755999962,
      5.042669816999478
    ],
    "autonomous_run": [
      18.234779583999625,
      15.499811517000126,
      13.469476158999896,
      16.079407990000618,
      14.335282665000705,
      15.03369190200101,
      16.211549104998994,
      15.545704304000537,
      11.244455160000143,
      8.877540593999584
    ],
    "monthly_revenue_by_product_full": [
      0.00795122499948775,
      0.006440474000555696,
      0.0052361819998623105
    ],
    "forecast_revenue_by_product": [
      0.36317650500132004,
      0.25425693500073976,
      0.2826377159999538
    ],
    "monthly_revenue": [
      0.03607985800044844,
      0.033418199000152526,
      0.03404333700018469
    ],
    "forecast_revenue_with_explanation": [
      0.12526281700047548,
      0.10903639099888096,
      0.11204159699991578
    ]
  },
  "error_counts": {
    "forecast_with_confidence": 3
  }
}