{
  "timestamp": "2026-03-27T15:31:33.967018",
  "stats": {
    "forecast_with_confidence": {
      "count": 0,
      "avg": 0.0,
      "min": 0.0,
      "max": 0.0,
      "p95": 0.0,
      "error_rate": 1.0
    },
    "monthly_revenue": {
      "count": 1,
      "avg": 0.06658980017527938,
      "min": 0.06658980017527938,
      "max": 0.06658980017527938,
      "p95": 0.06658980017527938,
      "error_rate": 0.0
    },
    "detect_revenue_spikes": {
      "count": 1,
      "avg": 0.07374779996462166,
      "min": 0.07374779996462166,
      "max": 0.07374779996462166,
      "p95": 0.07374779996462166,
      "error_rate": 0.0
    },
    "generate_insights": {
      "count": 1,
      "avg": 4.486776199890301,
      "min": 4.486776199890301,
      "max": 4.486776199890301,
      "p95": 4.486776199890301,
      "error_rate": 0.0
    },
    "forecast_revenue_with_explanation": {
      "count": 1,
      "avg": 0.361227500019595,
      "min": 0.361227500019595,
      "max": 0.361227500019595,
      "p95": 0.361227500019595,
      "error_rate": 0.0
    }
  },
  "metrics": {
    "monthly_revenue": [
      0.06658980017527938
    ],
    "forecast_revenue_with_explanation": [
      0.361227500019595
    ],
    "detect_revenue_spikes": [
      0.07374779996462166
    ],
    "generate_insights": [
      4.486776199890301
    ]
  },
  "error_counts": {
    "forecast_with_confidence": 1
  }
}