{
  "timestamp": "2026-03-21T20:59:37.074053",
  "stats": {
    "monthly_revenue": {
      "count": 3,
      "avg": 0.059102068666713116,
      "min": 0.04896833000020706,
      "max": 0.07345508000071277,
      "p95": 0.07345508000071277,
      "error_rate": 0.0
    },
    "generate_insights": {
      "count": 2,
      "avg": 4.0374849314998755,
      "min": 3.4017453500000556,
      "max": 4.673224512999695,
      "p95": 4.673224512999695,
      "error_rate": 0.0
    },
    "forecast_revenue_by_product": {
      "count": 1,
      "avg": 0.06527361400003429,
      "min": 0.06527361400003429,
      "max": 0.06527361400003429,
      "p95": 0.06527361400003429,
      "error_rate": 0.0
    },
    "forecast_revenue_with_explanation": {
      "count": 1,
      "avg": 0.05804989900025248,
      "min": 0.05804989900025248,
      "max": 0.05804989900025248,
      "p95": 0.05804989900025248,
      "error_rate": 0.0
    },
    "revenue_by_product": {
      "count": 2,
      "avg": 0.04137799249974705,
      "min": 0.03533609299938689,
      "max": 0.04741989200010721,
      "p95": 0.04741989200010721,
      "error_rate": 0.0
    },
    "compute_kpis": {
      "count": 1,
      "avg": 0.039491212999564596,
      "min": 0.039491212999564596,
      "max": 0.039491212999564596,
      "p95": 0.039491212999564596,
      "error_rate": 0.0
    },
    "revenue_by_customer": {
      "count": 1,
      "avg": 0.044243936000384565,
      "min": 0.044243936000384565,
      "max": 0.044243936000384565,
      "p95": 0.044243936000384565,
      "error_rate": 0.0
    },
    "detect_revenue_spikes": {
      "count": 1,
      "avg": 0.055071366999982274,
      "min": 0.055071366999982274,
      "max": 0.055071366999982274,
      "p95": 0.055071366999982274,
      "error_rate": 0.0
    },
    "run_tool": {
      "count": 1,
      "avg": 0.0777481799996167,
      "min": 0.0777481799996167,
      "max": 0.0777481799996167,
      "p95": 0.0777481799996167,
      "error_rate": 0.0
    },
    "autonomous_run": {
      "count": 1,
      "avg": 7.066402080999978,
      "min": 7.066402080999978,
      "max": 7.066402080999978,
      "p95": 7.066402080999978,
      "error_rate": 0.0
    },
    "cached_run": {
      "count": 1,
      "avg": 0.12528011500035063,
      "min": 0.12528011500035063,
      "max": 0.12528011500035063,
      "p95": 0.12528011500035063,
      "error_rate": 0.0
    },
    "monthly_revenue_by_product_full": {
      "count": 1,
      "avg": 0.01176169399968785,
      "min": 0.01176169399968785,
      "max": 0.01176169399968785,
      "p95": 0.01176169399968785,
      "error_rate": 0.0
    },
    "forecast_with_confidence": {
      "count": 0,
      "avg": 0.0,
      "min": 0.0,
      "max": 0.0,
      "p95": 0.0,
      "error_rate": 1.0
    }
  },
  "metrics": {
    "compute_kpis": [
      0.039491212999564596
    ],
    "revenue_by_customer": [
      0.044243936000384565
    ],
    "revenue_by_product": [
      0.04741989200010721,
      0.03533609299938689
    ],
    "monthly_revenue": [
      0.07345508000071277,
      0.054882795999219525,
      0.04896833000020706
    ],
    "detect_revenue_spikes": [
      0.055071366999982274
    ],
    "run_tool": [
      0.0777481799996167
    ],
    "cached_run": [
      0.12528011500035063
    ],
    "generate_insights": [
      4.673224512999695,
      3.4017453500000556
    ],
    "autonomous_run": [
      7.066402080999978
    ],
    "monthly_revenue_by_product_full": [
      0.01176169399968785
    ],
    "forecast_revenue_by_product": [
      0.06527361400003429
    ],
    "forecast_revenue_with_explanation": [
      0.05804989900025248
    ]
  },
  "error_counts": {
    "forecast_with_confidence": 1
  }
}