{
  "timestamp": "2026-03-16T11:53:09.987918",
  "stats": {
    "run_tool": {
      "count": 4,
      "avg": 0.04798912499973085,
      "min": 0.038487000041641295,
      "max": 0.07414699997752905,
      "p95": 0.07414699997752905,
      "error_rate": 0.0
    },
    "revenue_by_customer": {
      "count": 1,
      "avg": 0.019978599972091615,
      "min": 0.019978599972091615,
      "max": 0.019978599972091615,
      "p95": 0.019978599972091615,
      "error_rate": 0.0
    },
    "generate_insights": {
      "count": 3,
      "avg": 5.569917233330973,
      "min": 5.423229400010314,
      "max": 5.690324699971825,
      "p95": 5.690324699971825,
      "error_rate": 0.0
    },
    "monthly_revenue_by_customer": {
      "count": 1,
      "avg": 0.05678980000084266,
      "min": 0.05678980000084266,
      "max": 0.05678980000084266,
      "p95": 0.05678980000084266,
      "error_rate": 0.0
    },
    "revenue_by_product": {
      "count": 2,
      "avg": 0.020581799995852634,
      "min": 0.02022690000012517,
      "max": 0.0209366999915801,
      "p95": 0.0209366999915801,
      "error_rate": 0.0
    },
    "autonomous_run": {
      "count": 2,
      "avg": 8.054356200009352,
      "min": 7.15247090003686,
      "max": 8.956241499981843,
      "p95": 8.956241499981843,
      "error_rate": 0.0
    },
    "cached_run": {
      "count": 4,
      "avg": 0.06554010001127608,
      "min": 0.054480899998452514,
      "max": 0.09481300000334159,
      "p95": 0.09481300000334159,
      "error_rate": 0.0
    }
  },
  "metrics": {
    "revenue_by_customer": [
      0.019978599972091615
    ],
    "run_tool": [
      0.03869809996103868,
      0.07414699997752905,
      0.04062440001871437,
      0.038487000041641295
    ],
    "cached_run": [
      0.05598560004727915,
      0.09481300000334159,
      0.054480899998452514,
      0.056880899996031076
    ],
    "monthly_revenue_by_customer": [
      0.05678980000084266
    ],
    "generate_insights": [
      5.690324699971825,
      5.423229400010314,
      5.5961976000107825
    ],
    "autonomous_run": [
      8.956241499981843,
      7.15247090003686
    ],
    "revenue_by_product": [
      0.0209366999915801,
      0.02022690000012517
    ]
  },
  "error_counts": {}
}