{
  "timestamp": "2026-03-27T12:20:52.819821",
  "stats": {
    "run_tool": {
      "count": 4,
      "avg": 0.04015157499816269,
      "min": 0.024454399943351746,
      "max": 0.058755400124937296,
      "p95": 0.058755400124937296,
      "error_rate": 0.0
    },
    "monthly_revenue": {
      "count": 2,
      "avg": 0.028779849992133677,
      "min": 0.024095900123938918,
      "max": 0.033463799860328436,
      "p95": 0.033463799860328436,
      "error_rate": 0.0
    },
    "generate_insights": {
      "count": 1,
      "avg": 6.528771699871868,
      "min": 6.528771699871868,
      "max": 6.528771699871868,
      "p95": 6.528771699871868,
      "error_rate": 0.0
    },
    "compute_kpis": {
      "count": 1,
      "avg": 0.012364599853754044,
      "min": 0.012364599853754044,
      "max": 0.012364599853754044,
      "p95": 0.012364599853754044,
      "error_rate": 0.0
    },
    "monthly_growth": {
      "count": 1,
      "avg": 0.04635030007921159,
      "min": 0.04635030007921159,
      "max": 0.04635030007921159,
      "p95": 0.04635030007921159,
      "error_rate": 0.0
    },
    "monthly_profit": {
      "count": 1,
      "avg": 0.01684569986537099,
      "min": 0.01684569986537099,
      "max": 0.01684569986537099,
      "p95": 0.01684569986537099,
      "error_rate": 0.0
    },
    "cached_run": {
      "count": 4,
      "avg": 0.052008300030138344,
      "min": 0.03636689996346831,
      "max": 0.07083149999380112,
      "p95": 0.07083149999380112,
      "error_rate": 0.0
    },
    "detect_revenue_spikes": {
      "count": 1,
      "avg": 0.03642820008099079,
      "min": 0.03642820008099079,
      "max": 0.03642820008099079,
      "p95": 0.03642820008099079,
      "error_rate": 0.0
    }
  },
  "metrics": {
    "compute_kpis": [
      0.012364599853754044
    ],
    "run_tool": [
      0.024454399943351746,
      0.058755400124937296,
      0.02894759993068874,
      0.04844889999367297
    ],
    "cached_run": [
      0.03636689996346831,
      0.07083149999380112,
      0.04099460016004741,
      0.05984020000323653
    ],
    "monthly_revenue": [
      0.033463799860328436,
      0.024095900123938918
    ],
    "monthly_growth": [
      0.04635030007921159
    ],
    "monthly_profit": [
      0.01684569986537099
    ],
    "detect_revenue_spikes": [
      0.03642820008099079
    ],
    "generate_insights": [
      6.528771699871868
    ]
  },
  "error_counts": {}
}