{
  "timestamp": "2026-03-27T14:59:15.150815",
  "stats": {
    "generate_insights": {
      "count": 3,
      "avg": 13.68966285466619,
      "min": 11.55398619799962,
      "max": 15.911901567998939,
      "p95": 15.911901567998939,
      "error_rate": 0.0
    },
    "cached_run": {
      "count": 6,
      "avg": 0.15075967750029426,
      "min": 0.12096876600116957,
      "max": 0.17251032500098518,
      "p95": 0.17251032500098518,
      "error_rate": 0.0
    },
    "run_tool": {
      "count": 6,
      "avg": 0.10386731233362904,
      "min": 0.08208034299968858,
      "max": 0.12115692699990177,
      "p95": 0.12115692699990177,
      "error_rate": 0.0
    },
    "monthly_revenue_by_product": {
      "count": 3,
      "avg": 0.05567116000020178,
      "min": 0.045140277999962564,
      "max": 0.06444925200048601,
      "p95": 0.06444925200048601,
      "error_rate": 0.0
    },
    "autonomous_run": {
      "count": 2,
      "avg": 16.867295550499875,
      "min": 15.499811517000126,
      "max": 18.234779583999625,
      "p95": 18.234779583999625,
      "error_rate": 0.0
    },
    "revenue_by_product": {
      "count": 3,
      "avg": 0.04964615399937126,
      "min": 0.041406458998608286,
      "max": 0.05593270899953495,
      "p95": 0.05593270899953495,
      "error_rate": 0.0
    },
    "detect_revenue_spikes": {
      "count": 3,
      "avg": 0.06889941166627978,
      "min": 0.05842047099940828,
      "max": 0.07679696400009561,
      "p95": 0.07679696400009561,
      "error_rate": 0.0
    }
  },
  "metrics": {
    "revenue_by_product": [
      0.05159929399997054,
      0.041406458998608286,
      0.05593270899953495
    ],
    "run_tool": [
      0.10524591500143288,
      0.12115692699990177,
      0.08208034299968858,
      0.0877972750004119,
      0.11284621599952516,
      0.11407719800081395
    ],
    "cached_run": [
      0.16421912699843233,
      0.17251032500098518,
      0.12096876600116957,
      0.12662003100012953,
      0.16174062000027334,
      0.15849919600077556
    ],
    "monthly_revenue_by_product": [
      0.057423950000156765,
      0.045140277999962564,
      0.06444925200048601
    ],
    "detect_revenue_spikes": [
      0.07679696400009561,
      0.05842047099940828,
      0.07148079999933543
    ],
    "generate_insights": [
      15.911901567998939,
      13.603100798000014,
      11.55398619799962
    ],
    "autonomous_run": [
      18.234779583999625,
      15.499811517000126
    ]
  },
  "error_counts": {}
}