{
  "timestamp": "2026-03-20T08:45:12.367417",
  "stats": {
    "generate_insights": {
      "count": 1,
      "avg": 5.377072699950077,
      "min": 5.377072699950077,
      "max": 5.377072699950077,
      "p95": 5.377072699950077,
      "error_rate": 0.0
    },
    "run_tool": {
      "count": 1,
      "avg": 0.028890399960801005,
      "min": 0.028890399960801005,
      "max": 0.028890399960801005,
      "p95": 0.028890399960801005,
      "error_rate": 0.0
    },
    "cached_run": {
      "count": 1,
      "avg": 0.04084850009530783,
      "min": 0.04084850009530783,
      "max": 0.04084850009530783,
      "p95": 0.04084850009530783,
      "error_rate": 0.0
    },
    "revenue_by_product": {
      "count": 1,
      "avg": 0.016495399991981685,
      "min": 0.016495399991981685,
      "max": 0.016495399991981685,
      "p95": 0.016495399991981685,
      "error_rate": 0.0
    }
  },
  "metrics": {
    "revenue_by_product": [
      0.016495399991981685
    ],
    "run_tool": [
      0.028890399960801005
    ],
    "cached_run": [
      0.04084850009530783
    ],
    "generate_insights": [
      5.377072699950077
    ]
  },
  "error_counts": {}
}