{
  "timestamp": "2026-03-27T18:58:47.112022",
  "stats": {
    "monthly_revenue_by_product_full": {
      "count": 1,
      "avg": 0.006690386999252951,
      "min": 0.006690386999252951,
      "max": 0.006690386999252951,
      "p95": 0.006690386999252951,
      "error_rate": 0.0
    },
    "cached_run": {
      "count": 3,
      "avg": 0.34295272400049726,
      "min": 0.2965215820004232,
      "max": 0.41474470300090616,
      "p95": 0.41474470300090616,
      "error_rate": 0.0
    },
    "monthly_growth": {
      "count": 1,
      "avg": 0.22453069600305753,
      "min": 0.22453069600305753,
      "max": 0.22453069600305753,
      "p95": 0.22453069600305753,
      "error_rate": 0.0
    },
    "forecast_revenue_with_explanation": {
      "count": 1,
      "avg": 0.1170810170006007,
      "min": 0.1170810170006007,
      "max": 0.1170810170006007,
      "p95": 0.1170810170006007,
      "error_rate": 0.0
    },
    "generate_insights": {
      "count": 1,
      "avg": 8.688482476998615,
      "min": 8.688482476998615,
      "max": 8.688482476998615,
      "p95": 8.688482476998615,
      "error_rate": 0.0
    },
    "revenue_by_product": {
      "count": 2,
      "avg": 0.10043833350027853,
      "min": 0.08653565200074809,
      "max": 0.11434101499980898,
      "p95": 0.11434101499980898,
      "error_rate": 0.0
    },
    "detect_revenue_spikes": {
      "count": 2,
      "avg": 0.15391715750229196,
      "min": 0.11143002000244451,
      "max": 0.1964042950021394,
      "p95": 0.1964042950021394,
      "error_rate": 0.0
    },
    "run_tool": {
      "count": 3,
      "avg": 0.23956977233441043,
      "min": 0.1802441159998125,
      "max": 0.33630851400084794,
      "p95": 0.33630851400084794,
      "error_rate": 0.0
    },
    "forecast_revenue_by_product": {
      "count": 1,
      "avg": 0.10922383499928401,
      "min": 0.10922383499928401,
      "max": 0.10922383499928401,
      "p95": 0.10922383499928401,
      "error_rate": 0.0
    },
    "forecast_with_confidence": {
      "count": 0,
      "avg": 0.0,
      "min": 0.0,
      "max": 0.0,
      "p95": 0.0,
      "error_rate": 1.0
    },
    "monthly_revenue": {
      "count": 4,
      "avg": 0.10867158049859427,
      "min": 0.08851416399920708,
      "max": 0.11960858399834251,
      "p95": 0.11960858399834251,
      "error_rate": 0.0
    },
    "revenue_by_customer": {
      "count": 1,
      "avg": 0.08410426499904133,
      "min": 0.08410426499904133,
      "max": 0.08410426499904133,
      "p95": 0.08410426499904133,
      "error_rate": 0.0
    },
    "compute_kpis": {
      "count": 1,
      "avg": 0.08344778699756716,
      "min": 0.08344778699756716,
      "max": 0.08344778699756716,
      "p95": 0.08344778699756716,
      "error_rate": 0.0
    },
    "monthly_revenue_by_product": {
      "count": 1,
      "avg": 0.08741894800186856,
      "min": 0.08741894800186856,
      "max": 0.08741894800186856,
      "p95": 0.08741894800186856,
      "error_rate": 0.0
    }
  },
  "metrics": {
    "compute_kpis": [
      0.08344778699756716
    ],
    "revenue_by_customer": [
      0.08410426499904133
    ],
    "revenue_by_product": [
      0.08653565200074809,
      0.11434101499980898
    ],
    "monthly_revenue": [
      0.08851416399920708,
      0.11194748399793752,
      0.11461608999888995,
      0.11960858399834251
    ],
    "detect_revenue_spikes": [
      0.1964042950021394,
      0.11143002000244451
    ],
    "monthly_revenue_by_product_full": [
      0.006690386999252951
    ],
    "forecast_revenue_by_product": [
      0.10922383499928401
    ],
    "forecast_revenue_with_explanation": [
      0.1170810170006007
    ],
    "monthly_revenue_by_product": [
      0.08741894800186856
    ],
    "run_tool": [
      0.20215668700257083,
      0.33630851400084794,
      0.1802441159998125
    ],
    "cached_run": [
      0.2965215820004232,
      0.41474470300090616,
      0.3175918870001624
    ],
    "monthly_growth": [
      0.22453069600305753
    ],
    "generate_insights": [
      8.688482476998615
    ]
  },
  "error_counts": {
    "forecast_with_confidence": 1
  }
}