{
  "timestamp": "2026-03-21T17:09:24.647644",
  "stats": {
    "monthly_revenue": {
      "count": 1,
      "avg": 0.01804590004030615,
      "min": 0.01804590004030615,
      "max": 0.01804590004030615,
      "p95": 0.01804590004030615,
      "error_rate": 0.0
    },
    "monthly_growth": {
      "count": 1,
      "avg": 0.024204499903135,
      "min": 0.024204499903135,
      "max": 0.024204499903135,
      "p95": 0.024204499903135,
      "error_rate": 0.0
    },
    "compute_kpis": {
      "count": 1,
      "avg": 0.005146799958311021,
      "min": 0.005146799958311021,
      "max": 0.005146799958311021,
      "p95": 0.005146799958311021,
      "error_rate": 0.0
    },
    "cached_run": {
      "count": 2,
      "avg": 0.024643149983603507,
      "min": 0.015046399901621044,
      "max": 0.03423990006558597,
      "p95": 0.03423990006558597,
      "error_rate": 0.0
    },
    "generate_insights": {
      "count": 1,
      "avg": 6.070402799989097,
      "min": 6.070402799989097,
      "max": 6.070402799989097,
      "p95": 6.070402799989097,
      "error_rate": 0.0
    },
    "run_tool": {
      "count": 2,
      "avg": 0.019359049969352782,
      "min": 0.009797999984584749,
      "max": 0.028920099954120815,
      "p95": 0.028920099954120815,
      "error_rate": 0.0
    }
  },
  "metrics": {
    "compute_kpis": [
      0.005146799958311021
    ],
    "run_tool": [
      0.009797999984584749,
      0.028920099954120815
    ],
    "cached_run": [
      0.015046399901621044,
      0.03423990006558597
    ],
    "monthly_revenue": [
      0.01804590004030615
    ],
    "monthly_growth": [
      0.024204499903135
    ],
    "generate_insights": [
      6.070402799989097
    ]
  },
  "error_counts": {}
}