{
  "timestamp": "2026-03-16T08:40:20.994673",
  "stats": {
    "generate_insights": {
      "count": 1,
      "avg": 3.0142104999977164,
      "min": 3.0142104999977164,
      "max": 3.0142104999977164,
      "p95": 3.0142104999977164,
      "error_rate": 0.0
    }
  },
  "metrics": {
    "generate_insights": [
      3.0142104999977164
    ]
  },
  "error_counts": {}
}