{
  "timestamp": "2026-03-27T19:28:49.379264",
  "stats": {
    "run_tool": {
      "count": 6,
      "avg": 0.23658763650018955,
      "min": 0.12209802500001388,
      "max": 0.3354676980015938,
      "p95": 0.3354676980015938,
      "error_rate": 0.0
    },
    "monthly_revenue": {
      "count": 4,
      "avg": 0.09825224650103337,
      "min": 0.05603139900267706,
      "max": 0.11293756900340668,
      "p95": 0.11293756900340668,
      "error_rate": 0.0
    },
    "autonomous_run": {
      "count": 1,
      "avg": 15.840497875000437,
      "min": 15.840497875000437,
      "max": 15.840497875000437,
      "p95": 15.840497875000437,
      "error_rate": 0.0
    },
    "detect_revenue_spikes": {
      "count": 2,
      "avg": 0.09610959850033396,
      "min": 0.07153450500118197,
      "max": 0.12068469199948595,
      "p95": 0.12068469199948595,
      "error_rate": 0.0
    },
    "revenue_by_product": {
      "count": 2,
      "avg": 0.1045385185007035,
      "min": 0.09026342700235546,
      "max": 0.11881360999905155,
      "p95": 0.11881360999905155,
      "error_rate": 0.0
    },
    "forecast_revenue_with_explanation": {
      "count": 2,
      "avg": 0.12157144699995115,
      "min": 0.1134520320010779,
      "max": 0.1296908619988244,
      "p95": 0.1296908619988244,
      "error_rate": 0.0
    },
    "forecast_with_confidence": {
      "count": 0,
      "avg": 0.0,
      "min": 0.0,
      "max": 0.0,
      "p95": 0.0,
      "error_rate": 1.0
    },
    "monthly_revenue_by_product_full": {
      "count": 2,
      "avg": 0.010148973999093869,
      "min": 0.00520373199833557,
      "max": 0.015094215999852167,
      "p95": 0.015094215999852167,
      "error_rate": 0.0
    },
    "forecast_revenue_by_product": {
      "count": 2,
      "avg": 0.20173173150033108,
      "min": 0.09375834800084704,
      "max": 0.3097051149998151,
      "p95": 0.3097051149998151,
      "error_rate": 0.0
    },
    "monthly_growth": {
      "count": 2,
      "avg": 0.20092306400147208,
      "min": 0.1809939900012978,
      "max": 0.22085213800164638,
      "p95": 0.22085213800164638,
      "error_rate": 0.0
    },
    "generate_insights": {
      "count": 2,
      "avg": 13.130117392000102,
      "min": 11.70921492299749,
      "max": 14.551019861002715,
      "p95": 14.551019861002715,
      "error_rate": 0.0
    },
    "cached_run": {
      "count": 6,
      "avg": 0.33343420633294346,
      "min": 0.2076709419998224,
      "max": 0.41542556999775115,
      "p95": 0.41542556999775115,
      "error_rate": 0.0
    },
    "monthly_revenue_by_product": {
      "count": 2,
      "avg": 0.09225337450152438,
      "min": 0.06800662200112129,
      "max": 0.11650012700192747,
      "p95": 0.11650012700192747,
      "error_rate": 0.0
    }
  },
  "metrics": {
    "monthly_revenue_by_product_full": [
      0.015094215999852167,
      0.00520373199833557
    ],
    "forecast_revenue_by_product": [
      0.3097051149998151,
      0.09375834800084704
    ],
    "monthly_revenue": [
      0.05603139900267706,
      0.11293756900340668,
      0.11167743599798996,
      0.11236258200005977
    ],
    "forecast_revenue_with_explanation": [
      0.1296908619988244,
      0.1134520320010779
    ],
    "monthly_revenue_by_product": [
      0.06800662200112129,
      0.11650012700192747
    ],
    "run_tool": [
      0.12209802500001388,
      0.3058621279997169,
      0.18697046200031764,
      0.23624443899825565,
      0.3354676980015938,
      0.2328830670012394
    ],
    "cached_run": [
      0.2076709419998224,
      0.39726576000248315,
      0.28747622199807665,
      0.3397592449982767,
      0.41542556999775115,
      0.35300749900125084
    ],
    "monthly_growth": [
      0.1809939900012978,
      0.22085213800164638
    ],
    "revenue_by_product": [
      0.09026342700235546,
      0.11881360999905155
    ],
    "detect_revenue_spikes": [
      0.12068469199948595,
      0.07153450500118197
    ],
    "generate_insights": [
      11.70921492299749,
      14.551019861002715
    ],
    "autonomous_run": [
      15.840497875000437
    ]
  },
  "error_counts": {
    "forecast_with_confidence": 1
  }
}