{
  "timestamp": "2026-03-21T17:30:01.229972",
  "stats": {
    "run_tool": {
      "count": 4,
      "avg": 0.026478174986550584,
      "min": 0.018484900007024407,
      "max": 0.0330246000085026,
      "p95": 0.0330246000085026,
      "error_rate": 0.0
    },
    "generate_insights": {
      "count": 1,
      "avg": 7.931854099966586,
      "min": 7.931854099966586,
      "max": 7.931854099966586,
      "p95": 7.931854099966586,
      "error_rate": 0.0
    },
    "monthly_revenue": {
      "count": 2,
      "avg": 0.013365050021093339,
      "min": 0.012972599943168461,
      "max": 0.013757500099018216,
      "p95": 0.013757500099018216,
      "error_rate": 0.0
    },
    "monthly_profit": {
      "count": 1,
      "avg": 0.012350899982266128,
      "min": 0.012350899982266128,
      "max": 0.012350899982266128,
      "p95": 0.012350899982266128,
      "error_rate": 0.0
    },
    "monthly_growth": {
      "count": 1,
      "avg": 0.02401349996216595,
      "min": 0.02401349996216595,
      "max": 0.02401349996216595,
      "p95": 0.02401349996216595,
      "error_rate": 0.0
    },
    "cached_run": {
      "count": 4,
      "avg": 0.035340100002940744,
      "min": 0.026705399970524013,
      "max": 0.04211130004841834,
      "p95": 0.04211130004841834,
      "error_rate": 0.0
    },
    "compute_kpis": {
      "count": 1,
      "avg": 0.009306399966590106,
      "min": 0.009306399966590106,
      "max": 0.009306399966590106,
      "p95": 0.009306399966590106,
      "error_rate": 0.0
    },
    "detect_revenue_spikes": {
      "count": 1,
      "avg": 0.022722300025634468,
      "min": 0.022722300025634468,
      "max": 0.022722300025634468,
      "p95": 0.022722300025634468,
      "error_rate": 0.0
    }
  },
  "metrics": {
    "compute_kpis": [
      0.009306399966590106
    ],
    "run_tool": [
      0.018484900007024407,
      0.0330246000085026,
      0.022556199925020337,
      0.03184700000565499
    ],
    "cached_run": [
      0.026705399970524013,
      0.04211130004841834,
      0.031732299947179854,
      0.04081140004564077
    ],
    "monthly_revenue": [
      0.013757500099018216,
      0.012972599943168461
    ],
    "monthly_growth": [
      0.02401349996216595
    ],
    "monthly_profit": [
      0.012350899982266128
    ],
    "detect_revenue_spikes": [
      0.022722300025634468
    ],
    "generate_insights": [
      7.931854099966586
    ]
  },
  "error_counts": {}
}