{
  "timestamp": "2026-03-21T18:15:48.099066",
  "stats": {
    "monthly_revenue": {
      "count": 2,
      "avg": 0.017453700012993068,
      "min": 0.01698209997266531,
      "max": 0.017925300053320825,
      "p95": 0.017925300053320825,
      "error_rate": 0.0
    },
    "forecast_with_confidence": {
      "count": 1,
      "avg": 0.07643979997374117,
      "min": 0.07643979997374117,
      "max": 0.07643979997374117,
      "p95": 0.07643979997374117,
      "error_rate": 0.0
    },
    "generate_insights": {
      "count": 1,
      "avg": 6.1959921000525355,
      "min": 6.1959921000525355,
      "max": 6.1959921000525355,
      "p95": 6.1959921000525355,
      "error_rate": 0.0
    },
    "forecast_revenue_with_explanation": {
      "count": 1,
      "avg": 0.06936650001443923,
      "min": 0.06936650001443923,
      "max": 0.06936650001443923,
      "p95": 0.06936650001443923,
      "error_rate": 0.0
    },
    "monthly_revenue_by_product_full": {
      "count": 1,
      "avg": 0.006464499980211258,
      "min": 0.006464499980211258,
      "max": 0.006464499980211258,
      "p95": 0.006464499980211258,
      "error_rate": 0.0
    },
    "run_tool": {
      "count": 3,
      "avg": 0.11343613332913567,
      "min": 0.08390670001972467,
      "max": 0.1660983000183478,
      "p95": 0.1660983000183478,
      "error_rate": 0.0
    },
    "forecast_revenue_by_product": {
      "count": 1,
      "avg": 0.1517462000483647,
      "min": 0.1517462000483647,
      "max": 0.1517462000483647,
      "p95": 0.1517462000483647,
      "error_rate": 0.0
    },
    "cached_run": {
      "count": 3,
      "avg": 0.1269412999972701,
      "min": 0.09778369998093694,
      "max": 0.179930999991484,
      "p95": 0.179930999991484,
      "error_rate": 0.0
    }
  },
  "metrics": {
    "monthly_revenue_by_product_full": [
      0.006464499980211258
    ],
    "forecast_revenue_by_product": [
      0.1517462000483647
    ],
    "run_tool": [
      0.1660983000183478,
      0.08390670001972467,
      0.09030339994933456
    ],
    "cached_run": [
      0.179930999991484,
      0.09778369998093694,
      0.10310920001938939
    ],
    "monthly_revenue": [
      0.017925300053320825,
      0.01698209997266531
    ],
    "forecast_revenue_with_explanation": [
      0.06936650001443923
    ],
    "forecast_with_confidence": [
      0.07643979997374117
    ],
    "generate_insights": [
      6.1959921000525355
    ]
  },
  "error_counts": {}
}