{
  "timestamp": "2026-03-21T17:53:35.185269",
  "stats": {
    "forecast_revenue_with_explanation": {
      "count": 2,
      "avg": 0.21076729998458177,
      "min": 0.19988450000528246,
      "max": 0.22165009996388108,
      "p95": 0.22165009996388108,
      "error_rate": 0.0
    },
    "monthly_revenue": {
      "count": 3,
      "avg": 0.021760099994329114,
      "min": 0.01860469998791814,
      "max": 0.026257800054736435,
      "p95": 0.026257800054736435,
      "error_rate": 0.0
    },
    "generate_insights": {
      "count": 2,
      "avg": 3.3448509000008926,
      "min": 2.933688399964012,
      "max": 3.756013400037773,
      "p95": 3.756013400037773,
      "error_rate": 0.0
    },
    "forecast_with_confidence": {
      "count": 1,
      "avg": 0.20564349996857345,
      "min": 0.20564349996857345,
      "max": 0.20564349996857345,
      "p95": 0.20564349996857345,
      "error_rate": 0.0
    },
    "run_tool": {
      "count": 3,
      "avg": 0.2232948999541501,
      "min": 0.21595279988832772,
      "max": 0.23573869990650564,
      "p95": 0.23573869990650564,
      "error_rate": 0.0
    },
    "autonomous_run": {
      "count": 1,
      "avg": 5.792519900016487,
      "min": 5.792519900016487,
      "max": 5.792519900016487,
      "p95": 5.792519900016487,
      "error_rate": 0.0
    },
    "cached_run": {
      "count": 3,
      "avg": 0.23702016670722514,
      "min": 0.2300206000218168,
      "max": 0.24901420006062835,
      "p95": 0.24901420006062835,
      "error_rate": 0.0
    }
  },
  "metrics": {
    "monthly_revenue": [
      0.02041779994033277,
      0.01860469998791814,
      0.026257800054736435
    ],
    "forecast_revenue_with_explanation": [
      0.22165009996388108,
      0.19988450000528246
    ],
    "run_tool": [
      0.23573869990650564,
      0.218193200067617,
      0.21595279988832772
    ],
    "cached_run": [
      0.24901420006062835,
      0.2320257000392303,
      0.2300206000218168
    ],
    "forecast_with_confidence": [
      0.20564349996857345
    ],
    "generate_insights": [
      3.756013400037773,
      2.933688399964012
    ],
    "autonomous_run": [
      5.792519900016487
    ]
  },
  "error_counts": {}
}