{
  "timestamp": "2026-03-19T08:45:02.031266",
  "stats": {
    "revenue_by_product": {
      "count": 2,
      "avg": 0.014753099938388914,
      "min": 0.014137099962681532,
      "max": 0.015369099914096296,
      "p95": 0.015369099914096296,
      "error_rate": 0.0
    },
    "compute_kpis": {
      "count": 1,
      "avg": 0.015107600018382072,
      "min": 0.015107600018382072,
      "max": 0.015107600018382072,
      "p95": 0.015107600018382072,
      "error_rate": 0.0
    },
    "generate_insights": {
      "count": 1,
      "avg": 4.808009599917568,
      "min": 4.808009599917568,
      "max": 4.808009599917568,
      "p95": 4.808009599917568,
      "error_rate": 0.0
    },
    "run_tool": {
      "count": 1,
      "avg": 0.027177500072866678,
      "min": 0.027177500072866678,
      "max": 0.027177500072866678,
      "p95": 0.027177500072866678,
      "error_rate": 0.0
    },
    "revenue_by_customer": {
      "count": 1,
      "avg": 0.01889380009379238,
      "min": 0.01889380009379238,
      "max": 0.01889380009379238,
      "p95": 0.01889380009379238,
      "error_rate": 0.0
    },
    "cached_run": {
      "count": 1,
      "avg": 0.038913499913178384,
      "min": 0.038913499913178384,
      "max": 0.038913499913178384,
      "p95": 0.038913499913178384,
      "error_rate": 0.0
    },
    "detect_revenue_spikes": {
      "count": 1,
      "avg": 0.029040199937298894,
      "min": 0.029040199937298894,
      "max": 0.029040199937298894,
      "p95": 0.029040199937298894,
      "error_rate": 0.0
    },
    "monthly_revenue": {
      "count": 2,
      "avg": 0.035546950064599514,
      "min": 0.01805190008599311,
      "max": 0.05304200004320592,
      "p95": 0.05304200004320592,
      "error_rate": 0.0
    }
  },
  "metrics": {
    "compute_kpis": [
      0.015107600018382072
    ],
    "revenue_by_customer": [
      0.01889380009379238
    ],
    "revenue_by_product": [
      0.014137099962681532,
      0.015369099914096296
    ],
    "monthly_revenue": [
      0.05304200004320592,
      0.01805190008599311
    ],
    "detect_revenue_spikes": [
      0.029040199937298894
    ],
    "run_tool": [
      0.027177500072866678
    ],
    "cached_run": [
      0.038913499913178384
    ],
    "generate_insights": [
      4.808009599917568
    ]
  },
  "error_counts": {}
}