{
  "timestamp": "2026-03-19T08:13:06.814550",
  "stats": {
    "cached_run": {
      "count": 1,
      "avg": 0.03752010001335293,
      "min": 0.03752010001335293,
      "max": 0.03752010001335293,
      "p95": 0.03752010001335293,
      "error_rate": 0.0
    },
    "run_tool": {
      "count": 1,
      "avg": 0.029708700021728873,
      "min": 0.029708700021728873,
      "max": 0.029708700021728873,
      "p95": 0.029708700021728873,
      "error_rate": 0.0
    },
    "revenue_by_product": {
      "count": 1,
      "avg": 0.02253509999718517,
      "min": 0.02253509999718517,
      "max": 0.02253509999718517,
      "p95": 0.02253509999718517,
      "error_rate": 0.0
    },
    "generate_insights": {
      "count": 1,
      "avg": 6.656282800016925,
      "min": 6.656282800016925,
      "max": 6.656282800016925,
      "p95": 6.656282800016925,
      "error_rate": 0.0
    }
  },
  "metrics": {
    "revenue_by_product": [
      0.02253509999718517
    ],
    "run_tool": [
      0.029708700021728873
    ],
    "cached_run": [
      0.03752010001335293
    ],
    "generate_insights": [
      6.656282800016925
    ]
  },
  "error_counts": {}
}