{
  "timestamp": "2026-03-27T19:39:54.785225",
  "stats": {
    "cached_run": {
      "count": 3,
      "avg": 0.364914100333408,
      "min": 0.3361155439997674,
      "max": 0.3992792509998253,
      "p95": 0.3992792509998253,
      "error_rate": 0.0
    },
    "monthly_growth": {
      "count": 1,
      "avg": 0.2248820960012381,
      "min": 0.2248820960012381,
      "max": 0.2248820960012381,
      "p95": 0.2248820960012381,
      "error_rate": 0.0
    },
    "monthly_revenue": {
      "count": 2,
      "avg": 0.11331539549973968,
      "min": 0.10795513999983086,
      "max": 0.1186756509996485,
      "p95": 0.1186756509996485,
      "error_rate": 0.0
    },
    "forecast_revenue_by_product": {
      "count": 1,
      "avg": 0.11676515599901904,
      "min": 0.11676515599901904,
      "max": 0.11676515599901904,
      "p95": 0.11676515599901904,
      "error_rate": 0.0
    },
    "detect_revenue_spikes": {
      "count": 1,
      "avg": 0.11275326399845653,
      "min": 0.11275326399845653,
      "max": 0.11275326399845653,
      "p95": 0.11275326399845653,
      "error_rate": 0.0
    },
    "revenue_by_product": {
      "count": 1,
      "avg": 0.12450616299975081,
      "min": 0.12450616299975081,
      "max": 0.12450616299975081,
      "p95": 0.12450616299975081,
      "error_rate": 0.0
    },
    "monthly_revenue_by_product": {
      "count": 1,
      "avg": 0.11147833699942566,
      "min": 0.11147833699942566,
      "max": 0.11147833699942566,
      "p95": 0.11147833699942566,
      "error_rate": 0.0
    },
    "forecast_with_confidence": {
      "count": 0,
      "avg": 0.0,
      "min": 0.0,
      "max": 0.0,
      "p95": 0.0,
      "error_rate": 1.0
    },
    "monthly_revenue_by_product_full": {
      "count": 1,
      "avg": 0.008502998000039952,
      "min": 0.008502998000039952,
      "max": 0.008502998000039952,
      "p95": 0.008502998000039952,
      "error_rate": 0.0
    },
    "run_tool": {
      "count": 3,
      "avg": 0.2626626130004297,
      "min": 0.2215288879997388,
      "max": 0.3328394260024652,
      "p95": 0.3328394260024652,
      "error_rate": 0.0
    },
    "generate_insights": {
      "count": 1,
      "avg": 7.8358388380002,
      "min": 7.8358388380002,
      "max": 7.8358388380002,
      "p95": 7.8358388380002,
      "error_rate": 0.0
    },
    "forecast_revenue_with_explanation": {
      "count": 1,
      "avg": 0.12148756600072375,
      "min": 0.12148756600072375,
      "max": 0.12148756600072375,
      "p95": 0.12148756600072375,
      "error_rate": 0.0
    }
  },
  "metrics": {
    "monthly_revenue_by_product_full": [
      0.008502998000039952
    ],
    "forecast_revenue_by_product": [
      0.11676515599901904
    ],
    "monthly_revenue": [
      0.1186756509996485,
      0.10795513999983086
    ],
    "forecast_revenue_with_explanation": [
      0.12148756600072375
    ],
    "monthly_revenue_by_product": [
      0.11147833699942566
    ],
    "run_tool": [
      0.2215288879997388,
      0.3328394260024652,
      0.23361952499908512
    ],
    "cached_run": [
      0.3361155439997674,
      0.3992792509998253,
      0.35934750600063126
    ],
    "monthly_growth": [
      0.2248820960012381
    ],
    "revenue_by_product": [
      0.12450616299975081
    ],
    "detect_revenue_spikes": [
      0.11275326399845653
    ],
    "generate_insights": [
      7.8358388380002
    ]
  },
  "error_counts": {
    "forecast_with_confidence": 1
  }
}