{
  "timestamp": "2026-03-27T16:32:59.462182",
  "stats": {
    "monthly_revenue_by_product": {
      "count": 2,
      "avg": 0.0953958155005239,
      "min": 0.07606336300159455,
      "max": 0.11472826799945324,
      "p95": 0.11472826799945324,
      "error_rate": 0.0
    },
    "revenue_by_customer": {
      "count": 2,
      "avg": 0.0919450194996898,
      "min": 0.08921609300159616,
      "max": 0.09467394599778345,
      "p95": 0.09467394599778345,
      "error_rate": 0.0
    },
    "monthly_revenue": {
      "count": 2,
      "avg": 0.0949411660003534,
      "min": 0.09344910100116977,
      "max": 0.09643323099953705,
      "p95": 0.09643323099953705,
      "error_rate": 0.0
    },
    "generate_insights": {
      "count": 3,
      "avg": 8.439773036666642,
      "min": 7.254689741999755,
      "max": 10.382094575001247,
      "p95": 10.382094575001247,
      "error_rate": 0.0
    },
    "monthly_revenue_by_customer": {
      "count": 1,
      "avg": 0.09674083400022937,
      "min": 0.09674083400022937,
      "max": 0.09674083400022937,
      "p95": 0.09674083400022937,
      "error_rate": 0.0
    },
    "detect_revenue_spikes": {
      "count": 4,
      "avg": 0.1307256474992755,
      "min": 0.10268347899909713,
      "max": 0.1800647130003199,
      "p95": 0.1800647130003199,
      "error_rate": 0.0
    },
    "cached_run": {
      "count": 6,
      "avg": 0.27039142450000025,
      "min": 0.20856425300007686,
      "max": 0.30004229100086377,
      "p95": 0.30004229100086377,
      "error_rate": 0.0
    },
    "run_tool": {
      "count": 6,
      "avg": 0.17200507233186121,
      "min": 0.10982168999908026,
      "max": 0.19803484299700358,
      "p95": 0.19803484299700358,
      "error_rate": 0.0
    },
    "autonomous_run": {
      "count": 2,
      "avg": 11.910697690998859,
      "min": 10.324267066000175,
      "max": 13.497128315997543,
      "p95": 13.497128315997543,
      "error_rate": 0.0
    },
    "revenue_by_product": {
      "count": 3,
      "avg": 0.0808864966663047,
      "min": 0.05950119800036191,
      "max": 0.10105169999951613,
      "p95": 0.10105169999951613,
      "error_rate": 0.0
    },
    "compute_kpis": {
      "count": 1,
      "avg": 0.0797142650008027,
      "min": 0.0797142650008027,
      "max": 0.0797142650008027,
      "p95": 0.0797142650008027,
      "error_rate": 0.0
    }
  },
  "metrics": {
    "compute_kpis": [
      0.0797142650008027
    ],
    "revenue_by_customer": [
      0.08921609300159616,
      0.09467394599778345
    ],
    "revenue_by_product": [
      0.10105169999951613,
      0.05950119800036191,
      0.08210659199903603
    ],
    "monthly_revenue": [
      0.09643323099953705,
      0.09344910100116977
    ],
    "detect_revenue_spikes": [
      0.1800647130003199,
      0.1271613079989038,
      0.11299308999878122,
      0.10268347899909713
    ],
    "run_tool": [
      0.19327038600022206,
      0.1882279519995791,
      0.10982168999908026,
      0.189290586997231,
      0.15338497599805123,
      0.19803484299700358
    ],
    "cached_run": [
      0.2848878019976837,
      0.271980348003126,
      0.29250926799795707,
      0.30004229100086377,
      0.20856425300007686,
      0.26436458500029403
    ],
    "monthly_revenue_by_customer": [
      0.09674083400022937
    ],
    "generate_insights": [
      7.254689741999755,
      10.382094575001247,
      7.682534792998922
    ],
    "autonomous_run": [
      10.324267066000175,
      13.497128315997543
    ],
    "monthly_revenue_by_product": [
      0.11472826799945324,
      0.07606336300159455
    ]
  },
  "error_counts": {}
}