{
  "timestamp": "2026-03-27T15:32:34.039897",
  "stats": {
    "forecast_with_confidence": {
      "count": 0,
      "avg": 0.0,
      "min": 0.0,
      "max": 0.0,
      "p95": 0.0,
      "error_rate": 1.0
    },
    "generate_insights": {
      "count": 2,
      "avg": 6.166823956500593,
      "min": 6.142250158000024,
      "max": 6.191397755001162,
      "p95": 6.191397755001162,
      "error_rate": 0.0
    },
    "forecast_revenue_with_explanation": {
      "count": 2,
      "avg": 0.19705492950015469,
      "min": 0.1738968500012561,
      "max": 0.22021300899905327,
      "p95": 0.22021300899905327,
      "error_rate": 0.0
    },
    "detect_revenue_spikes": {
      "count": 2,
      "avg": 0.05885233699973469,
      "min": 0.055383471999448375,
      "max": 0.062321202000021,
      "p95": 0.062321202000021,
      "error_rate": 0.0
    },
    "autonomous_run": {
      "count": 1,
      "avg": 7.9607679580003605,
      "min": 7.9607679580003605,
      "max": 7.9607679580003605,
      "p95": 7.9607679580003605,
      "error_rate": 0.0
    },
    "monthly_revenue": {
      "count": 2,
      "avg": 0.08219683049992454,
      "min": 0.07016252200082818,
      "max": 0.09423113899902091,
      "p95": 0.09423113899902091,
      "error_rate": 0.0
    }
  },
  "metrics": {
    "monthly_revenue": [
      0.09423113899902091,
      0.07016252200082818
    ],
    "forecast_revenue_with_explanation": [
      0.22021300899905327,
      0.1738968500012561
    ],
    "detect_revenue_spikes": [
      0.062321202000021,
      0.055383471999448375
    ],
    "generate_insights": [
      6.191397755001162,
      6.142250158000024
    ],
    "autonomous_run": [
      7.9607679580003605
    ]
  },
  "error_counts": {
    "forecast_with_confidence": 2
  }
}