{
  "timestamp": "2026-03-27T12:24:18.813860",
  "stats": {
    "revenue_by_product": {
      "count": 2,
      "avg": 0.028844743500485492,
      "min": 0.028475407000769337,
      "max": 0.029214080000201648,
      "p95": 0.029214080000201648,
      "error_rate": 0.0
    },
    "generate_insights": {
      "count": 2,
      "avg": 4.52867443849982,
      "min": 4.517611053999644,
      "max": 4.539737822999996,
      "p95": 4.539737822999996,
      "error_rate": 0.0
    },
    "monthly_revenue": {
      "count": 8,
      "avg": 0.029736576624941335,
      "min": 0.024491979999766045,
      "max": 0.03764060299999983,
      "p95": 0.03764060299999983,
      "error_rate": 0.0
    },
    "detect_revenue_spikes": {
      "count": 4,
      "avg": 0.05744342500020139,
      "min": 0.04923198200049228,
      "max": 0.06919620000007853,
      "p95": 0.06919620000007853,
      "error_rate": 0.0
    },
    "compute_kpis": {
      "count": 4,
      "avg": 0.022960050250276254,
      "min": 0.017912260000230162,
      "max": 0.031436414000381774,
      "p95": 0.031436414000381774,
      "error_rate": 0.0
    },
    "revenue_by_customer": {
      "count": 2,
      "avg": 0.030505805000302644,
      "min": 0.030282325000371202,
      "max": 0.030729285000234086,
      "p95": 0.030729285000234086,
      "error_rate": 0.0
    },
    "monthly_growth": {
      "count": 2,
      "avg": 0.0581375299998399,
      "min": 0.0557759769999393,
      "max": 0.060499082999740494,
      "p95": 0.060499082999740494,
      "error_rate": 0.0
    },
    "monthly_profit": {
      "count": 2,
      "avg": 0.03228368000009141,
      "min": 0.031585548000293784,
      "max": 0.03298181199988903,
      "p95": 0.03298181199988903,
      "error_rate": 0.0
    },
    "autonomous_run": {
      "count": 1,
      "avg": 7.520203572000355,
      "min": 7.520203572000355,
      "max": 7.520203572000355,
      "p95": 7.520203572000355,
      "error_rate": 0.0
    },
    "run_tool": {
      "count": 8,
      "avg": 0.07186127637521622,
      "min": 0.05109463299959316,
      "max": 0.09336320700003853,
      "p95": 0.09336320700003853,
      "error_rate": 0.0
    },
    "cached_run": {
      "count": 8,
      "avg": 0.10001970425003037,
      "min": 0.07821504099956655,
      "max": 0.12456068899973616,
      "p95": 0.12456068899973616,
      "error_rate": 0.0
    }
  },
  "metrics": {
    "compute_kpis": [
      0.021009621000303014,
      0.031436414000381774,
      0.021481906000190065,
      0.017912260000230162
    ],
    "revenue_by_customer": [
      0.030282325000371202,
      0.030729285000234086
    ],
    "revenue_by_product": [
      0.029214080000201648,
      0.028475407000769337
    ],
    "monthly_revenue": [
      0.035175054000319506,
      0.03250025699981052,
      0.02560733199970855,
      0.03764060299999983,
      0.02593080299993744,
      0.026168708999648516,
      0.030377875000340282,
      0.024491979999766045
    ],
    "detect_revenue_spikes": [
      0.060030319999896165,
      0.06919620000007853,
      0.05131519800033857,
      0.04923198200049228
    ],
    "run_tool": [
      0.057130687000608305,
      0.08331408600042778,
      0.06298980200062942,
      0.09314706800068961,
      0.05109463299959316,
      0.09336320700003853,
      0.06244480900022609,
      0.07140591899951687
    ],
    "cached_run": [
      0.088322397000411,
      0.1125750600003812,
      0.08646454300014739,
      0.12456068899973616,
      0.07821504099956655,
      0.12081522300013603,
      0.0928140779997193,
      0.09639060300014535
    ],
    "monthly_growth": [
      0.0557759769999393,
      0.060499082999740494
    ],
    "monthly_profit": [
      0.03298181199988903,
      0.031585548000293784
    ],
    "generate_insights": [
      4.539737822999996,
      4.517611053999644
    ],
    "autonomous_run": [
      7.520203572000355
    ]
  },
  "error_counts": {}
}