{
  "timestamp": "2026-03-21T18:14:30.015446",
  "stats": {
    "run_tool": {
      "count": 3,
      "avg": 0.11000106666081895,
      "min": 0.07946719997562468,
      "max": 0.16276159998960793,
      "p95": 0.16276159998960793,
      "error_rate": 0.0
    },
    "forecast_revenue_by_product": {
      "count": 1,
      "avg": 0.14863990002777427,
      "min": 0.14863990002777427,
      "max": 0.14863990002777427,
      "p95": 0.14863990002777427,
      "error_rate": 0.0
    },
    "monthly_revenue": {
      "count": 2,
      "avg": 0.017613450007047504,
      "min": 0.017593300086446106,
      "max": 0.017633599927648902,
      "p95": 0.017633599927648902,
      "error_rate": 0.0
    },
    "generate_insights": {
      "count": 1,
      "avg": 4.803951199981384,
      "min": 4.803951199981384,
      "max": 4.803951199981384,
      "p95": 4.803951199981384,
      "error_rate": 0.0
    },
    "monthly_revenue_by_product_full": {
      "count": 1,
      "avg": 0.006087800022214651,
      "min": 0.006087800022214651,
      "max": 0.006087800022214651,
      "p95": 0.006087800022214651,
      "error_rate": 0.0
    },
    "cached_run": {
      "count": 3,
      "avg": 0.12332246669878562,
      "min": 0.0930446001002565,
      "max": 0.1754503999836743,
      "p95": 0.1754503999836743,
      "error_rate": 0.0
    },
    "forecast_revenue_with_explanation": {
      "count": 1,
      "avg": 0.06542070000432432,
      "min": 0.06542070000432432,
      "max": 0.06542070000432432,
      "p95": 0.06542070000432432,
      "error_rate": 0.0
    },
    "forecast_with_confidence": {
      "count": 1,
      "avg": 0.07328269991558045,
      "min": 0.07328269991558045,
      "max": 0.07328269991558045,
      "p95": 0.07328269991558045,
      "error_rate": 0.0
    }
  },
  "metrics": {
    "monthly_revenue_by_product_full": [
      0.006087800022214651
    ],
    "forecast_revenue_by_product": [
      0.14863990002777427
    ],
    "run_tool": [
      0.16276159998960793,
      0.07946719997562468,
      0.08777440001722425
    ],
    "cached_run": [
      0.1754503999836743,
      0.0930446001002565,
      0.10147240001242608
    ],
    "monthly_revenue": [
      0.017633599927648902,
      0.017593300086446106
    ],
    "forecast_revenue_with_explanation": [
      0.06542070000432432
    ],
    "forecast_with_confidence": [
      0.07328269991558045
    ],
    "generate_insights": [
      4.803951199981384
    ]
  },
  "error_counts": {}
}