{
  "timestamp": "2026-03-29T10:09:44.704131",
  "stats": {
    "revenue_by_product": {
      "count": 2,
      "avg": 0.012400900013744831,
      "min": 0.011473200051113963,
      "max": 0.013328599976375699,
      "p95": 0.013328599976375699,
      "error_rate": 0.0
    },
    "monthly_revenue": {
      "count": 4,
      "avg": 0.0151951999287121,
      "min": 0.014118699822574854,
      "max": 0.01605909992940724,
      "p95": 0.01605909992940724,
      "error_rate": 0.0
    },
    "detect_revenue_spikes": {
      "count": 2,
      "avg": 0.04871110001113266,
      "min": 0.0484398000407964,
      "max": 0.048982399981468916,
      "p95": 0.048982399981468916,
      "error_rate": 0.0
    },
    "generate_insights": {
      "count": 2,
      "avg": 9.07422635005787,
      "min": 8.932388100074604,
      "max": 9.216064600041136,
      "p95": 9.216064600041136,
      "error_rate": 0.0
    },
    "forecast_revenue_with_explanation": {
      "count": 2,
      "avg": 0.10808785003609955,
      "min": 0.02004289999604225,
      "max": 0.19613280007615685,
      "p95": 0.19613280007615685,
      "error_rate": 0.0
    },
    "monthly_revenue_by_product_full": {
      "count": 2,
      "avg": 0.023911249940283597,
      "min": 0.006071900017559528,
      "max": 0.041750599863007665,
      "p95": 0.041750599863007665,
      "error_rate": 0.0
    },
    "cached_run": {
      "count": 6,
      "avg": 0.037621549990338586,
      "min": 0.027384900022298098,
      "max": 0.04581600008532405,
      "p95": 0.04581600008532405,
      "error_rate": 0.0
    },
    "run_tool": {
      "count": 6,
      "avg": 0.029177066637203097,
      "min": 0.01961670001037419,
      "max": 0.03701830003410578,
      "p95": 0.03701830003410578,
      "error_rate": 0.0
    },
    "forecast_with_confidence": {
      "count": 0,
      "avg": 0.0,
      "min": 0.0,
      "max": 0.0,
      "p95": 0.0,
      "error_rate": 1.0
    },
    "autonomous_run": {
      "count": 1,
      "avg": 13.237949899863452,
      "min": 13.237949899863452,
      "max": 13.237949899863452,
      "p95": 13.237949899863452,
      "error_rate": 0.0
    },
    "monthly_growth": {
      "count": 2,
      "avg": 0.0252358999568969,
      "min": 0.02332779997959733,
      "max": 0.027143999934196472,
      "p95": 0.027143999934196472,
      "error_rate": 0.0
    },
    "forecast_revenue_by_product": {
      "count": 2,
      "avg": 0.34610105003230274,
      "min": 0.10168449999764562,
      "max": 0.5905176000669599,
      "p95": 0.5905176000669599,
      "error_rate": 0.0
    },
    "monthly_revenue_by_product": {
      "count": 2,
      "avg": 0.0231571999611333,
      "min": 0.02128129987977445,
      "max": 0.02503310004249215,
      "p95": 0.02503310004249215,
      "error_rate": 0.0
    }
  },
  "metrics": {
    "monthly_revenue_by_product_full": [
      0.041750599863007665,
      0.006071900017559528
    ],
    "forecast_revenue_by_product": [
      0.10168449999764562,
      0.5905176000669599
    ],
    "monthly_revenue": [
      0.014874699991196394,
      0.014118699822574854,
      0.01605909992940724,
      0.015728299971669912
    ],
    "forecast_revenue_with_explanation": [
      0.02004289999604225,
      0.19613280007615685
    ],
    "monthly_revenue_by_product": [
      0.02503310004249215,
      0.02128129987977445
    ],
    "run_tool": [
      0.03441490000113845,
      0.03066299995407462,
      0.01961670001037419,
      0.03018289990723133,
      0.03701830003410578,
      0.023166599916294217
    ],
    "cached_run": [
      0.0425779998768121,
      0.038026600144803524,
      0.027384900022298098,
      0.03918959992006421,
      0.04581600008532405,
      0.03273419989272952
    ],
    "monthly_growth": [
      0.02332779997959733,
      0.027143999934196472
    ],
    "revenue_by_product": [
      0.011473200051113963,
      0.013328599976375699
    ],
    "detect_revenue_spikes": [
      0.048982399981468916,
      0.0484398000407964
    ],
    "generate_insights": [
      8.932388100074604,
      9.216064600041136
    ],
    "autonomous_run": [
      13.237949899863452
    ]
  },
  "error_counts": {
    "forecast_with_confidence": 2
  }
}