{
  "timestamp": "2026-03-27T12:22:19.504820",
  "stats": {
    "revenue_by_product": {
      "count": 1,
      "avg": 0.029214080000201648,
      "min": 0.029214080000201648,
      "max": 0.029214080000201648,
      "p95": 0.029214080000201648,
      "error_rate": 0.0
    },
    "generate_insights": {
      "count": 1,
      "avg": 4.539737822999996,
      "min": 4.539737822999996,
      "max": 4.539737822999996,
      "p95": 4.539737822999996,
      "error_rate": 0.0
    },
    "monthly_revenue": {
      "count": 4,
      "avg": 0.0327308114999596,
      "min": 0.02560733199970855,
      "max": 0.03764060299999983,
      "p95": 0.03764060299999983,
      "error_rate": 0.0
    },
    "detect_revenue_spikes": {
      "count": 2,
      "avg": 0.06461325999998735,
      "min": 0.060030319999896165,
      "max": 0.06919620000007853,
      "p95": 0.06919620000007853,
      "error_rate": 0.0
    },
    "compute_kpis": {
      "count": 2,
      "avg": 0.026223017500342394,
      "min": 0.021009621000303014,
      "max": 0.031436414000381774,
      "p95": 0.031436414000381774,
      "error_rate": 0.0
    },
    "revenue_by_customer": {
      "count": 1,
      "avg": 0.030282325000371202,
      "min": 0.030282325000371202,
      "max": 0.030282325000371202,
      "p95": 0.030282325000371202,
      "error_rate": 0.0
    },
    "monthly_growth": {
      "count": 1,
      "avg": 0.0557759769999393,
      "min": 0.0557759769999393,
      "max": 0.0557759769999393,
      "p95": 0.0557759769999393,
      "error_rate": 0.0
    },
    "monthly_profit": {
      "count": 1,
      "avg": 0.03298181199988903,
      "min": 0.03298181199988903,
      "max": 0.03298181199988903,
      "p95": 0.03298181199988903,
      "error_rate": 0.0
    },
    "run_tool": {
      "count": 4,
      "avg": 0.07414541075058878,
      "min": 0.057130687000608305,
      "max": 0.09314706800068961,
      "p95": 0.09314706800068961,
      "error_rate": 0.0
    },
    "cached_run": {
      "count": 4,
      "avg": 0.10298067225016894,
      "min": 0.08646454300014739,
      "max": 0.12456068899973616,
      "p95": 0.12456068899973616,
      "error_rate": 0.0
    }
  },
  "metrics": {
    "compute_kpis": [
      0.021009621000303014,
      0.031436414000381774
    ],
    "revenue_by_customer": [
      0.030282325000371202
    ],
    "revenue_by_product": [
      0.029214080000201648
    ],
    "monthly_revenue": [
      0.035175054000319506,
      0.03250025699981052,
      0.02560733199970855,
      0.03764060299999983
    ],
    "detect_revenue_spikes": [
      0.060030319999896165,
      0.06919620000007853
    ],
    "run_tool": [
      0.057130687000608305,
      0.08331408600042778,
      0.06298980200062942,
      0.09314706800068961
    ],
    "cached_run": [
      0.088322397000411,
      0.1125750600003812,
      0.08646454300014739,
      0.12456068899973616
    ],
    "monthly_growth": [
      0.0557759769999393
    ],
    "monthly_profit": [
      0.03298181199988903
    ],
    "generate_insights": [
      4.539737822999996
    ]
  },
  "error_counts": {}
}