{
  "timestamp": "2026-03-27T17:00:42.350961",
  "stats": {
    "monthly_revenue_by_product": {
      "count": 10,
      "avg": 0.08284287739988941,
      "min": 0.06288429299820564,
      "max": 0.11472826799945324,
      "p95": 0.11472826799945324,
      "error_rate": 0.0
    },
    "forecast_revenue_by_product": {
      "count": 1,
      "avg": 0.5698814210009004,
      "min": 0.5698814210009004,
      "max": 0.5698814210009004,
      "p95": 0.5698814210009004,
      "error_rate": 0.0
    },
    "revenue_by_customer": {
      "count": 2,
      "avg": 0.0919450194996898,
      "min": 0.08921609300159616,
      "max": 0.09467394599778345,
      "p95": 0.09467394599778345,
      "error_rate": 0.0
    },
    "monthly_revenue": {
      "count": 5,
      "avg": 0.08326339400009601,
      "min": 0.05669399999896996,
      "max": 0.10052367100070114,
      "p95": 0.10052367100070114,
      "error_rate": 0.0
    },
    "generate_insights": {
      "count": 13,
      "avg": 8.741413020846476,
      "min": 6.343689743000141,
      "max": 10.56915550299891,
      "p95": 10.56915550299891,
      "error_rate": 0.0
    },
    "forecast_revenue_with_explanation": {
      "count": 1,
      "avg": 0.24611957500019344,
      "min": 0.24611957500019344,
      "max": 0.24611957500019344,
      "p95": 0.24611957500019344,
      "error_rate": 0.0
    },
    "monthly_profit": {
      "count": 1,
      "avg": 0.07240362800075673,
      "min": 0.07240362800075673,
      "max": 0.07240362800075673,
      "p95": 0.07240362800075673,
      "error_rate": 0.0
    },
    "monthly_revenue_by_customer": {
      "count": 1,
      "avg": 0.09674083400022937,
      "min": 0.09674083400022937,
      "max": 0.09674083400022937,
      "p95": 0.09674083400022937,
      "error_rate": 0.0
    },
    "detect_revenue_spikes": {
      "count": 15,
      "avg": 0.10382399059987317,
      "min": 0.07696641000075033,
      "max": 0.1800647130003199,
      "p95": 0.1800647130003199,
      "error_rate": 0.0
    },
    "cached_run": {
      "count": 25,
      "avg": 0.24795423792020302,
      "min": 0.16247537399976864,
      "max": 0.3404270760001964,
      "p95": 0.30004229100086377,
      "error_rate": 0.0
    },
    "run_tool": {
      "count": 25,
      "avg": 0.16894799491972662,
      "min": 0.10266854699875694,
      "max": 0.2716218880013912,
      "p95": 0.2279175209987443,
      "error_rate": 0.0
    },
    "monthly_revenue_by_product_full": {
      "count": 1,
      "avg": 0.01126673700127867,
      "min": 0.01126673700127867,
      "max": 0.01126673700127867,
      "p95": 0.01126673700127867,
      "error_rate": 0.0
    },
    "forecast_with_confidence": {
      "count": 0,
      "avg": 0.0,
      "min": 0.0,
      "max": 0.0,
      "p95": 0.0,
      "error_rate": 1.0
    },
    "autonomous_run": {
      "count": 12,
      "avg": 11.727817007416888,
      "min": 8.500413447000028,
      "max": 15.451854039001773,
      "p95": 15.451854039001773,
      "error_rate": 0.0
    },
    "revenue_by_product": {
      "count": 10,
      "avg": 0.08298466900014319,
      "min": 0.052275444999395404,
      "max": 0.10650367400012328,
      "p95": 0.10650367400012328,
      "error_rate": 0.0
    },
    "monthly_growth": {
      "count": 1,
      "avg": 0.1909955910014105,
      "min": 0.1909955910014105,
      "max": 0.1909955910014105,
      "p95": 0.1909955910014105,
      "error_rate": 0.0
    },
    "compute_kpis": {
      "count": 2,
      "avg": 0.06650482999975793,
      "min": 0.053295394998713164,
      "max": 0.0797142650008027,
      "p95": 0.0797142650008027,
      "error_rate": 0.0
    }
  },
  "metrics": {
    "compute_kpis": [
      0.0797142650008027,
      0.053295394998713164
    ],
    "revenue_by_customer": [
      0.08921609300159616,
      0.09467394599778345
    ],
    "revenue_by_product": [
      0.10105169999951613,
      0.05950119800036191,
      0.08210659199903603,
      0.07924960400123382,
      0.10650367400012328,
      0.052275444999395404,
      0.07448353000290808,
      0.09078227699865238,
      0.08801490599944373,
      0.09587776400076109
    ],
    "monthly_revenue": [
      0.09643323099953705,
      0.09344910100116977,
      0.05669399999896996,
      0.10052367100070114,
      0.06921696700010216
    ],
    "detect_revenue_spikes": [
      0.1800647130003199,
      0.1271613079989038,
      0.11299308999878122,
      0.10268347899909713,
      0.08161406999715837,
      0.08763033800278208,
      0.07696641000075033,
      0.10039885699734441,
      0.10196932100006961,
      0.09635264500320773,
      0.08034091200170224,
      0.09316584399857675,
      0.08490362600059598,
      0.14148668399866438,
      0.08962856200014357
    ],
    "run_tool": [
      0.19327038600022206,
      0.1882279519995791,
      0.10982168999908026,
      0.189290586997231,
      0.15338497599805123,
      0.19803484299700358,
      0.1584419760001765,
      0.1527429680027126,
      0.20904294600040885,
      0.15717867100102012,
      0.10266854699875694,
      0.13088623899966478,
      0.15463562199875014,
      0.15181517800010624,
      0.17548101599822985,
      0.16071889500017278,
      0.18355257599978358,
      0.17253610199986724,
      0.166390689999389,
      0.1859153290024551,
      0.1739413789982791,
      0.11829667500205687,
      0.2716218880013912,
      0.1378852210000332,
      0.2279175209987443
    ],
    "cached_run": [
      0.2848878019976837,
      0.271980348003126,
      0.29250926799795707,
      0.30004229100086377,
      0.20856425300007686,
      0.26436458500029403,
      0.22297291900031269,
      0.2245721399995091,
      0.2968866240007628,
      0.23246252500030096,
      0.16247537399976864,
      0.19164740499763866,
      0.22250034100215998,
      0.20447076199707226,
      0.24755137600004673,
      0.2398112270020647,
      0.2677404430032766,
      0.25884039899756317,
      0.2394441510004981,
      0.2725897550008085,
      0.2621110590007447,
      0.1857511029993475,
      0.3404270760001964,
      0.20558521700149868,
      0.29866750500150374
    ],
    "monthly_revenue_by_customer": [
      0.09674083400022937
    ],
    "generate_insights": [
      7.254689741999755,
      10.382094575001247,
      7.682534792998922,
      10.56915550299891,
      7.824470715000643,
      7.67169673600074,
      8.753299701002106,
      9.908470649002993,
      9.901863346000027,
      6.343689743000141,
      7.697884665998572,
      9.528061028999218,
      10.120458073000918
    ],
    "autonomous_run": [
      10.324267066000175,
      13.497128315997543,
      10.9613139710018,
      13.218920144998265,
      10.600903148002544,
      11.039635180000914,
      11.141762259998359,
      12.25603867999962,
      13.31307871700119,
      8.500413447000028,
      10.42848912000045,
      15.451854039001773
    ],
    "monthly_revenue_by_product": [
      0.11472826799945324,
      0.07606336300159455,
      0.07654911200006609,
      0.08080185799917672,
      0.06288429299820564,
      0.07531311200000346,
      0.08893527100008214,
      0.09055451200038078,
      0.07817382099892711,
      0.0844251640010043
    ],
    "monthly_revenue_by_product_full": [
      0.01126673700127867
    ],
    "forecast_revenue_by_product": [
      0.5698814210009004
    ],
    "forecast_revenue_with_explanation": [
      0.24611957500019344
    ],
    "monthly_growth": [
      0.1909955910014105
    ],
    "monthly_profit": [
      0.07240362800075673
    ]
  },
  "error_counts": {
    "forecast_with_confidence": 1
  }
}