{
  "timestamp": "2026-03-21T18:31:38.346131",
  "stats": {
    "forecast_with_confidence": {
      "count": 0,
      "avg": 0.0,
      "min": 0.0,
      "max": 0.0,
      "p95": 0.0,
      "error_rate": 1.0
    },
    "monthly_revenue_by_product_full": {
      "count": 1,
      "avg": 0.010986999957822263,
      "min": 0.010986999957822263,
      "max": 0.010986999957822263,
      "p95": 0.010986999957822263,
      "error_rate": 0.0
    },
    "generate_insights": {
      "count": 1,
      "avg": 4.466636799974367,
      "min": 4.466636799974367,
      "max": 4.466636799974367,
      "p95": 4.466636799974367,
      "error_rate": 0.0
    },
    "forecast_revenue_with_explanation": {
      "count": 1,
      "avg": 0.21815369999967515,
      "min": 0.21815369999967515,
      "max": 0.21815369999967515,
      "p95": 0.21815369999967515,
      "error_rate": 0.0
    },
    "forecast_revenue_by_product": {
      "count": 1,
      "avg": 0.572874499950558,
      "min": 0.572874499950558,
      "max": 0.572874499950558,
      "p95": 0.572874499950558,
      "error_rate": 0.0
    },
    "monthly_revenue": {
      "count": 1,
      "avg": 0.02494569995906204,
      "min": 0.02494569995906204,
      "max": 0.02494569995906204,
      "p95": 0.02494569995906204,
      "error_rate": 0.0
    }
  },
  "metrics": {
    "monthly_revenue_by_product_full": [
      0.010986999957822263
    ],
    "forecast_revenue_by_product": [
      0.572874499950558
    ],
    "monthly_revenue": [
      0.02494569995906204
    ],
    "forecast_revenue_with_explanation": [
      0.21815369999967515
    ],
    "generate_insights": [
      4.466636799974367
    ]
  },
  "error_counts": {
    "forecast_with_confidence": 1
  }
}