{
  "timestamp": "2026-03-19T09:26:06.417809",
  "stats": {
    "generate_insights": {
      "count": 3,
      "avg": 6.505587666644715,
      "min": 5.555256000021473,
      "max": 7.310940600000322,
      "p95": 7.310940600000322,
      "error_rate": 0.0
    },
    "cached_run": {
      "count": 3,
      "avg": 0.05278646658795575,
      "min": 0.046011899947188795,
      "max": 0.060392299899831414,
      "p95": 0.060392299899831414,
      "error_rate": 0.0
    },
    "autonomous_run": {
      "count": 2,
      "avg": 9.406505599967204,
      "min": 9.362273199949414,
      "max": 9.450737999984995,
      "p95": 9.450737999984995,
      "error_rate": 0.0
    },
    "monthly_revenue": {
      "count": 8,
      "avg": 0.023098900011973456,
      "min": 0.01881919999141246,
      "max": 0.03219409997109324,
      "p95": 0.03219409997109324,
      "error_rate": 0.0
    },
    "run_tool": {
      "count": 3,
      "avg": 0.03621776665871342,
      "min": 0.03176990000065416,
      "max": 0.044853099971078336,
      "p95": 0.044853099971078336,
      "error_rate": 0.0
    },
    "revenue_by_customer": {
      "count": 4,
      "avg": 0.020927724981447682,
      "min": 0.01920739992056042,
      "max": 0.02286130003631115,
      "p95": 0.02286130003631115,
      "error_rate": 0.0
    },
    "detect_revenue_spikes": {
      "count": 4,
      "avg": 0.03919330006465316,
      "min": 0.03422680008225143,
      "max": 0.050505700055509806,
      "p95": 0.050505700055509806,
      "error_rate": 0.0
    },
    "compute_kpis": {
      "count": 4,
      "avg": 0.01887687502312474,
      "min": 0.015585400047712028,
      "max": 0.02197530004195869,
      "p95": 0.02197530004195869,
      "error_rate": 0.0
    },
    "revenue_by_product": {
      "count": 7,
      "avg": 0.018590428567092334,
      "min": 0.016287700040265918,
      "max": 0.023630399955436587,
      "p95": 0.023630399955436587,
      "error_rate": 0.0
    }
  },
  "metrics": {
    "compute_kpis": [
      0.020211399998515844,
      0.017735400004312396,
      0.02197530004195869,
      0.015585400047712028
    ],
    "revenue_by_customer": [
      0.020725400070659816,
      0.02091679989825934,
      0.02286130003631115,
      0.01920739992056042
    ],
    "revenue_by_product": [
      0.017064100014977157,
      0.016287700040265918,
      0.023630399955436587,
      0.018725199974142015,
      0.017187400022521615,
      0.02027689991518855,
      0.01696130004711449
    ],
    "monthly_revenue": [
      0.021037800004705787,
      0.01881919999141246,
      0.020358500070869923,
      0.02032340003643185,
      0.02377239998895675,
      0.020552100031636655,
      0.027733700000680983,
      0.03219409997109324
    ],
    "detect_revenue_spikes": [
      0.03422680008225143,
      0.035772800096310675,
      0.03626790002454072,
      0.050505700055509806
    ],
    "run_tool": [
      0.044853099971078336,
      0.03176990000065416,
      0.032030300004407763
    ],
    "cached_run": [
      0.060392299899831414,
      0.046011899947188795,
      0.05195519991684705
    ],
    "generate_insights": [
      6.65056639991235,
      7.310940600000322,
      5.555256000021473
    ],
    "autonomous_run": [
      9.362273199949414,
      9.450737999984995
    ]
  },
  "error_counts": {}
}