{
  "timestamp": "2026-03-29T12:13:31.831770",
  "stats": {
    "cached_run": {
      "count": 3,
      "avg": 0.11014680633328074,
      "min": 0.08969133300001886,
      "max": 0.12775061599995752,
      "p95": 0.12775061599995752,
      "error_rate": 0.0
    },
    "forecast_with_confidence": {
      "count": 0,
      "avg": 0.0,
      "min": 0.0,
      "max": 0.0,
      "p95": 0.0,
      "error_rate": 1.0
    },
    "monthly_revenue_by_product_full": {
      "count": 1,
      "avg": 0.011753044999977647,
      "min": 0.011753044999977647,
      "max": 0.011753044999977647,
      "p95": 0.011753044999977647,
      "error_rate": 0.0
    },
    "monthly_revenue": {
      "count": 2,
      "avg": 0.03148637299989332,
      "min": 0.028895860999909928,
      "max": 0.03407688499987671,
      "p95": 0.03407688499987671,
      "error_rate": 0.0
    },
    "revenue_by_product": {
      "count": 1,
      "avg": 0.035293098000011014,
      "min": 0.035293098000011014,
      "max": 0.035293098000011014,
      "p95": 0.035293098000011014,
      "error_rate": 0.0
    },
    "detect_revenue_spikes": {
      "count": 1,
      "avg": 0.04337886299981619,
      "min": 0.04337886299981619,
      "max": 0.04337886299981619,
      "p95": 0.04337886299981619,
      "error_rate": 0.0
    },
    "monthly_revenue_by_product": {
      "count": 1,
      "avg": 0.054437043999996604,
      "min": 0.054437043999996604,
      "max": 0.054437043999996604,
      "p95": 0.054437043999996604,
      "error_rate": 0.0
    },
    "forecast_revenue_by_product": {
      "count": 1,
      "avg": 0.05402141100012159,
      "min": 0.05402141100012159,
      "max": 0.05402141100012159,
      "p95": 0.05402141100012159,
      "error_rate": 0.0
    },
    "monthly_growth": {
      "count": 1,
      "avg": 0.06728893400008928,
      "min": 0.06728893400008928,
      "max": 0.06728893400008928,
      "p95": 0.06728893400008928,
      "error_rate": 0.0
    },
    "forecast_revenue_with_explanation": {
      "count": 1,
      "avg": 0.03026379400012047,
      "min": 0.03026379400012047,
      "max": 0.03026379400012047,
      "p95": 0.03026379400012047,
      "error_rate": 0.0
    },
    "run_tool": {
      "count": 3,
      "avg": 0.08127853233327187,
      "min": 0.06358089599984851,
      "max": 0.09880050700007814,
      "p95": 0.09880050700007814,
      "error_rate": 0.0
    },
    "generate_insights": {
      "count": 1,
      "avg": 11.75033797900005,
      "min": 11.75033797900005,
      "max": 11.75033797900005,
      "p95": 11.75033797900005,
      "error_rate": 0.0
    }
  },
  "metrics": {
    "monthly_revenue_by_product_full": [
      0.011753044999977647
    ],
    "forecast_revenue_by_product": [
      0.05402141100012159
    ],
    "monthly_revenue": [
      0.028895860999909928,
      0.03407688499987671
    ],
    "forecast_revenue_with_explanation": [
      0.03026379400012047
    ],
    "monthly_revenue_by_product": [
      0.054437043999996604
    ],
    "run_tool": [
      0.08145419399988896,
      0.09880050700007814,
      0.06358089599984851
    ],
    "cached_run": [
      0.11299846999986585,
      0.12775061599995752,
      0.08969133300001886
    ],
    "monthly_growth": [
      0.06728893400008928
    ],
    "revenue_by_product": [
      0.035293098000011014
    ],
    "detect_revenue_spikes": [
      0.04337886299981619
    ],
    "generate_insights": [
      11.75033797900005
    ]
  },
  "error_counts": {
    "forecast_with_confidence": 1
  }
}