{
  "timestamp": "2026-03-27T14:59:36.286921",
  "stats": {
    "generate_insights": {
      "count": 4,
      "avg": 13.721377260999816,
      "min": 11.55398619799962,
      "max": 15.911901567998939,
      "p95": 15.911901567998939,
      "error_rate": 0.0
    },
    "cached_run": {
      "count": 8,
      "avg": 0.1577109935003591,
      "min": 0.12096876600116957,
      "max": 0.18205701800070528,
      "p95": 0.18205701800070528,
      "error_rate": 0.0
    },
    "run_tool": {
      "count": 8,
      "avg": 0.10646423062553367,
      "min": 0.08208034299968858,
      "max": 0.12115692699990177,
      "p95": 0.12115692699990177,
      "error_rate": 0.0
    },
    "monthly_revenue_by_product": {
      "count": 4,
      "avg": 0.05628145600030621,
      "min": 0.045140277999962564,
      "max": 0.06444925200048601,
      "p95": 0.06444925200048601,
      "error_rate": 0.0
    },
    "autonomous_run": {
      "count": 3,
      "avg": 15.734689086666549,
      "min": 13.469476158999896,
      "max": 18.234779583999625,
      "p95": 18.234779583999625,
      "error_rate": 0.0
    },
    "revenue_by_product": {
      "count": 4,
      "avg": 0.05227535049925791,
      "min": 0.041406458998608286,
      "max": 0.060162939998917864,
      "p95": 0.060162939998917864,
      "error_rate": 0.0
    },
    "detect_revenue_spikes": {
      "count": 4,
      "avg": 0.06989946324938501,
      "min": 0.05842047099940828,
      "max": 0.07679696400009561,
      "p95": 0.07679696400009561,
      "error_rate": 0.0
    }
  },
  "metrics": {
    "revenue_by_product": [
      0.05159929399997054,
      0.041406458998608286,
      0.05593270899953495,
      0.060162939998917864
    ],
    "run_tool": [
      0.10524591500143288,
      0.12115692699990177,
      0.08208034299968858,
      0.0877972750004119,
      0.11284621599952516,
      0.11407719800081395,
      0.11382205800146039,
      0.11468791300103476
    ],
    "cached_run": [
      0.16421912699843233,
      0.17251032500098518,
      0.12096876600116957,
      0.12662003100012953,
      0.16174062000027334,
      0.15849919600077556,
      0.1750728650004021,
      0.18205701800070528
    ],
    "monthly_revenue_by_product": [
      0.057423950000156765,
      0.045140277999962564,
      0.06444925200048601,
      0.05811234400061949
    ],
    "detect_revenue_spikes": [
      0.07679696400009561,
      0.05842047099940828,
      0.07148079999933543,
      0.0728996179987007
    ],
    "generate_insights": [
      15.911901567998939,
      13.603100798000014,
      11.55398619799962,
      13.81652048000069
    ],
    "autonomous_run": [
      18.234779583999625,
      15.499811517000126,
      13.469476158999896
    ]
  },
  "error_counts": {}
}