{
  "timestamp": "2026-03-30T10:50:12.723662",
  "stats": {
    "monthly_revenue_by_product": {
      "count": 1,
      "avg": 0.032173507999914364,
      "min": 0.032173507999914364,
      "max": 0.032173507999914364,
      "p95": 0.032173507999914364,
      "error_rate": 0.0
    },
    "revenue_by_product": {
      "count": 2,
      "avg": 0.029757039500054816,
      "min": 0.02463083500015273,
      "max": 0.0348832439999569,
      "p95": 0.0348832439999569,
      "error_rate": 0.0
    },
    "run_tool": {
      "count": 1,
      "avg": 0.05680678200019429,
      "min": 0.05680678200019429,
      "max": 0.05680678200019429,
      "p95": 0.05680678200019429,
      "error_rate": 0.0
    },
    "detect_revenue_spikes": {
      "count": 2,
      "avg": 0.04225557300003402,
      "min": 0.03410916500001804,
      "max": 0.05040198100005,
      "p95": 0.05040198100005,
      "error_rate": 0.0
    },
    "monthly_revenue": {
      "count": 2,
      "avg": 0.029624137499922654,
      "min": 0.026677970999799072,
      "max": 0.032570304000046235,
      "p95": 0.032570304000046235,
      "error_rate": 0.0
    },
    "cached_run": {
      "count": 1,
      "avg": 0.08019656500005112,
      "min": 0.08019656500005112,
      "max": 0.08019656500005112,
      "p95": 0.08019656500005112,
      "error_rate": 0.0
    },
    "revenue_by_customer": {
      "count": 1,
      "avg": 0.03455135099989093,
      "min": 0.03455135099989093,
      "max": 0.03455135099989093,
      "p95": 0.03455135099989093,
      "error_rate": 0.0
    },
    "compute_kpis": {
      "count": 1,
      "avg": 0.0203064979998544,
      "min": 0.0203064979998544,
      "max": 0.0203064979998544,
      "p95": 0.0203064979998544,
      "error_rate": 0.0
    },
    "generate_insights": {
      "count": 1,
      "avg": 9.588342250000096,
      "min": 9.588342250000096,
      "max": 9.588342250000096,
      "p95": 9.588342250000096,
      "error_rate": 0.0
    }
  },
  "metrics": {
    "compute_kpis": [
      0.0203064979998544
    ],
    "revenue_by_customer": [
      0.03455135099989093
    ],
    "revenue_by_product": [
      0.02463083500015273,
      0.0348832439999569
    ],
    "monthly_revenue": [
      0.032570304000046235,
      0.026677970999799072
    ],
    "detect_revenue_spikes": [
      0.05040198100005,
      0.03410916500001804
    ],
    "run_tool": [
      0.05680678200019429
    ],
    "cached_run": [
      0.08019656500005112
    ],
    "monthly_revenue_by_product": [
      0.032173507999914364
    ],
    "generate_insights": [
      9.588342250000096
    ]
  },
  "error_counts": {}
}