{
  "timestamp": "2026-03-19T11:24:31.298615",
  "stats": {
    "generate_insights": {
      "count": 1,
      "avg": 7.854599799960852,
      "min": 7.854599799960852,
      "max": 7.854599799960852,
      "p95": 7.854599799960852,
      "error_rate": 0.0
    },
    "monthly_revenue": {
      "count": 2,
      "avg": 0.031067000061739236,
      "min": 0.026615000097081065,
      "max": 0.03551900002639741,
      "p95": 0.03551900002639741,
      "error_rate": 0.0
    },
    "compute_kpis": {
      "count": 1,
      "avg": 0.01940749993082136,
      "min": 0.01940749993082136,
      "max": 0.01940749993082136,
      "p95": 0.01940749993082136,
      "error_rate": 0.0
    },
    "revenue_by_customer": {
      "count": 1,
      "avg": 0.02239910000935197,
      "min": 0.02239910000935197,
      "max": 0.02239910000935197,
      "p95": 0.02239910000935197,
      "error_rate": 0.0
    },
    "cached_run": {
      "count": 1,
      "avg": 0.06360100000165403,
      "min": 0.06360100000165403,
      "max": 0.06360100000165403,
      "p95": 0.06360100000165403,
      "error_rate": 0.0
    },
    "revenue_by_product": {
      "count": 2,
      "avg": 0.024901599972508848,
      "min": 0.021714899921789765,
      "max": 0.02808830002322793,
      "p95": 0.02808830002322793,
      "error_rate": 0.0
    },
    "detect_revenue_spikes": {
      "count": 1,
      "avg": 0.026930199936032295,
      "min": 0.026930199936032295,
      "max": 0.026930199936032295,
      "p95": 0.026930199936032295,
      "error_rate": 0.0
    },
    "run_tool": {
      "count": 1,
      "avg": 0.04576380003709346,
      "min": 0.04576380003709346,
      "max": 0.04576380003709346,
      "p95": 0.04576380003709346,
      "error_rate": 0.0
    }
  },
  "metrics": {
    "compute_kpis": [
      0.01940749993082136
    ],
    "revenue_by_customer": [
      0.02239910000935197
    ],
    "revenue_by_product": [
      0.021714899921789765,
      0.02808830002322793
    ],
    "monthly_revenue": [
      0.03551900002639741,
      0.026615000097081065
    ],
    "detect_revenue_spikes": [
      0.026930199936032295
    ],
    "run_tool": [
      0.04576380003709346
    ],
    "cached_run": [
      0.06360100000165403
    ],
    "generate_insights": [
      7.854599799960852
    ]
  },
  "error_counts": {}
}