{
  "timestamp": "2026-03-19T08:51:04.390447",
  "stats": {
    "revenue_by_product": {
      "count": 5,
      "avg": 0.01796299999114126,
      "min": 0.014137099962681532,
      "max": 0.024366799974814057,
      "p95": 0.024366799974814057,
      "error_rate": 0.0
    },
    "compute_kpis": {
      "count": 1,
      "avg": 0.015107600018382072,
      "min": 0.015107600018382072,
      "max": 0.015107600018382072,
      "p95": 0.015107600018382072,
      "error_rate": 0.0
    },
    "generate_insights": {
      "count": 5,
      "avg": 5.561246439954266,
      "min": 4.676958399941213,
      "max": 7.027344899950549,
      "p95": 7.027344899950549,
      "error_rate": 0.0
    },
    "run_tool": {
      "count": 5,
      "avg": 0.03308476004749537,
      "min": 0.027177500072866678,
      "max": 0.03941780002787709,
      "p95": 0.03941780002787709,
      "error_rate": 0.0
    },
    "revenue_by_customer": {
      "count": 1,
      "avg": 0.01889380009379238,
      "min": 0.01889380009379238,
      "max": 0.01889380009379238,
      "p95": 0.01889380009379238,
      "error_rate": 0.0
    },
    "cached_run": {
      "count": 5,
      "avg": 0.044109239988029,
      "min": 0.038913499913178384,
      "max": 0.050295099965296686,
      "p95": 0.050295099965296686,
      "error_rate": 0.0
    },
    "monthly_revenue_by_customer": {
      "count": 1,
      "avg": 0.02626900002360344,
      "min": 0.02626900002360344,
      "max": 0.02626900002360344,
      "p95": 0.02626900002360344,
      "error_rate": 0.0
    },
    "autonomous_run": {
      "count": 4,
      "avg": 7.744787350005936,
      "min": 6.810643600067124,
      "max": 9.451666899956763,
      "p95": 9.451666899956763,
      "error_rate": 0.0
    },
    "detect_revenue_spikes": {
      "count": 1,
      "avg": 0.029040199937298894,
      "min": 0.029040199937298894,
      "max": 0.029040199937298894,
      "p95": 0.029040199937298894,
      "error_rate": 0.0
    },
    "monthly_revenue": {
      "count": 2,
      "avg": 0.035546950064599514,
      "min": 0.01805190008599311,
      "max": 0.05304200004320592,
      "p95": 0.05304200004320592,
      "error_rate": 0.0
    }
  },
  "metrics": {
    "compute_kpis": [
      0.015107600018382072
    ],
    "revenue_by_customer": [
      0.01889380009379238
    ],
    "revenue_by_product": [
      0.014137099962681532,
      0.015369099914096296,
      0.016684900037944317,
      0.019257100066170096,
      0.024366799974814057
    ],
    "monthly_revenue": [
      0.05304200004320592,
      0.01805190008599311
    ],
    "detect_revenue_spikes": [
      0.029040199937298894
    ],
    "run_tool": [
      0.027177500072866678,
      0.03513250011019409,
      0.029249100014567375,
      0.03444690001197159,
      0.03941780002787709
    ],
    "cached_run": [
      0.038913499913178384,
      0.044081600033678114,
      0.04142380005214363,
      0.050295099965296686,
      0.0458321999758482
    ],
    "generate_insights": [
      4.808009599917568,
      5.0995370000600815,
      7.027344899950549,
      4.676958399941213,
      6.194382299901918
    ],
    "autonomous_run": [
      7.894368099980056,
      6.810643600067124,
      9.451666899956763,
      6.822470800019801
    ],
    "monthly_revenue_by_customer": [
      0.02626900002360344
    ]
  },
  "error_counts": {}
}